date,player_name,rank,score
2025-11-10,btroitsk,1,19467
2025-11-10,Thursday,2,19126
2025-11-10,Quali,3,18957
2025-11-10,NakedKnives,4,18724
2025-11-10,Jannik,5,15570
2025-11-10,Liz,6,15308
2025-11-10,Gone dark.,7,14919
2025-11-10,TheHunter222,8,13853
2025-11-10,maximeeepje,9,12673
2025-11-10,WhatATrueHero,10,12622
2025-11-10,Bren4azer,11,11724
2025-11-10,KLAX,12,11313
2025-11-10,Handsome_Rakshas,13,10473
2025-11-10,Mazrum,14,7827
2025-11-10,CrimeTime,15,7721
2025-11-10,Rush B!!!!!!,16,6945
2025-11-10,Member of the LGTV community,17,6940
2025-11-10,DirtBoi,18,6764
2025-11-10,Gschissana,19,6623
2025-11-10,soy sauce,20,6529
2025-11-10,germanorlandomolto,21,6408
2025-11-10,Zhelcherig,22,6241
2025-11-10,g.stavrev.29,23,5989
2025-11-10,dercstarr,24,5966
2025-11-10,BWinterGreen,25,5481
2025-11-10,Aradroth,26,5445
2025-11-10,Twiz Amber,27,5349
2025-11-10,Exnihilo,28,5257
2025-11-10,Krejner71,29,5003
2025-11-10,Clash,30,4871
2025-11-11,Bidderlyn,1,17766
2025-11-11,Xrenoid,2,14949
2025-11-11,Quali,3,14935
2025-11-11,btroitsk,4,14605
2025-11-11,Dan,5,14419
2025-11-11,mishaaku,6,12996
2025-11-11,imnickio2,7,12280
2025-11-11,m.melkowski1,8,10675
2025-11-11,AoG Chain,9,10622
2025-11-11,T1D,10,10123
2025-11-11,Clac,11,9836
2025-11-11,hrejarz2,12,9039
2025-11-11,NAN (bot),13,9028
2025-11-11,Mubirobiro [BR],14,8912
2025-11-11,Dunkel,15,8801
2025-11-11,Rush B!!!!!!,16,8273
2025-11-11,ccso237,17,8136
2025-11-11,watsabutt4,18,8134
2025-11-11,Ayngush,19,7788
2025-11-11,CursedProtector,20,7722
2025-11-11,StefanoTheBrazilian,21,7582
2025-11-11,garic.jasmin,22,7370
2025-11-11,Ignat001,23,6295
2025-11-11,Mazrum,24,6209
2025-11-11,maximeeepje,25,5865
2025-11-11,modular,26,5272
2025-11-11,Windy Cat Lad,27,5222
2025-11-11,Soul,28,5078
2025-11-11,Lelinia,29,5023
2025-11-11,Miroko,30,4922
2025-11-12,m.melkowski1,1,25815
2025-11-12,Bidderlyn,2,25625
2025-11-12,maximeeepje,3,24806
2025-11-12,Mubirobiro [BR],4,24466
2025-11-12,Robsje,5,23859
2025-11-12,Miroko,6,23229
2025-11-12,Liz,7,22763
2025-11-12,btroitsk,8,22276
2025-11-12,micerang,9,21967
2025-11-12,Covert Skeleton,10,21494
2025-11-12,mishaaku,11,20253
2025-11-12,Xrenoid,12,20023
2025-11-12,darknuckelavee,13,18107
2025-11-12,potato daddy,14,18012
2025-11-12,J.M.AVON,15,17778
2025-11-12,hrejarz2,16,17590
2025-11-12,Ravenroks,17,16482
2025-11-12,Baruha,18,16375
2025-11-12,AspenLog,19,16198
2025-11-12,Madnukin,20,14184
2025-11-12,joetraff,21,14035
2025-11-12,Quali,22,13375
2025-11-12,Jannik,23,12951
2025-11-12,Tv0r9,24,12599
2025-11-12,smola_2005,25,11064
2025-11-12,CrimeTime,26,10899
2025-11-12,daunte,27,10549
2025-11-12,WhatATrueHero,28,10390
2025-11-12,Digo-Go!,29,10233
2025-11-12,Red Panda,30,9967
2025-11-13,camoutbussin,1,29311
2025-11-13,Madnukin,2,27976
2025-11-13,Bidderlyn,3,27635
2025-11-13,btroitsk,4,26765
2025-11-13,Xrenoid,5,24790
2025-11-13,m.melkowski1,6,24001
2025-11-13,Miroko,7,23029
2025-11-13,masterv5983,8,20987
2025-11-13,The Hamilton Ham Candle,9,20796
2025-11-13,L@@-Yo$h,10,20444
2025-11-13,Covert Skeleton,11,19614
2025-11-13,imnickio2,12,19546
2025-11-13,RiceTea,13,19403
2025-11-13,austin_midd,14,19242
2025-11-13,cyanx7,15,19164
2025-11-13,nAhZz,16,18717
2025-11-13,Rubens,17,18396
2025-11-13,Mubirobiro [BR],18,17783
2025-11-13,S31gn3ur Chr3t13n,19,17260
2025-11-13,danger guy,20,17125
2025-11-13,StefanoTheBrazilian,21,16602
2025-11-13,ethanmatthew,22,16222
2025-11-13,Quali,23,15655
2025-11-13,louangillier,24,15533
2025-11-13,Dreamweaver,25,15472
2025-11-13,JarJar,26,15113
2025-11-13,Feline,27,15058
2025-11-13,The_Red_715,28,14767
2025-11-13,mishaaku,29,14559
2025-11-13,smola_2005,30,13983
2025-11-14,Mubirobiro [BR],1,32579
2025-11-14,Zu,2,30613
2025-11-14,S31gn3ur Chr3t13n,3,28388
2025-11-14,Bidderlyn,4,27088
2025-11-14,Covert Skeleton,5,26019
2025-11-14,Calyceus,6,25962
2025-11-14,Blumpo Gripliskin,7,25360
2025-11-14,IamSparks,8,25351
2025-11-14,J.M.AVON,9,24730
2025-11-14,Masterspades,10,24384
2025-11-14,skye,11,24096
2025-11-14,r3coil,12,23975
2025-11-14,Kuthillick,13,23228
2025-11-14,btroitsk,14,23138
2025-11-14,nAhZz,15,23081
2025-11-14,Ignat001,16,22876
2025-11-14,Dreamweaver,17,22405
2025-11-14,Flieguen Orange,18,22225
2025-11-14,m.melkowski1,19,22050
2025-11-14,Bolado,20,21975
2025-11-14,darknuckelavee,21,20596
2025-11-14,Sedulin,22,20500
2025-11-14,Quali,23,20411
2025-11-14,TheHunter222,24,20288
2025-11-14,SadBoiKaladin,25,19934
2025-11-14,clonek6,26,19909
2025-11-14,Api,27,19706
2025-11-14,elmrealm,28,19251
2025-11-14,SHO,29,19104
2025-11-14,xmichmen,30,19081
2025-11-15,mishaaku,1,28461
2025-11-15,camoutbussin,2,28445
2025-11-15,btroitsk,3,28265
2025-11-15,S31gn3ur Chr3t13n,4,26200
2025-11-15,Zu,5,26152
2025-11-15,Jannik,6,26131
2025-11-15,m.melkowski1,7,26037
2025-11-15,Dan,8,25629
2025-11-15,Bidderlyn,9,25581
2025-11-15,Moun Moun,10,25373
2025-11-15,TheHunter222,11,25082
2025-11-15,Quali,12,24783
2025-11-15,Covert Skeleton,13,24349
2025-11-15,ControllerPlayer21,14,24162
2025-11-15,CursedProtector,15,23933
2025-11-15,Sam-G,16,23877
2025-11-15,Bwooo,17,23793
2025-11-15,SuMangoTango,18,23783
2025-11-15,PengWIN,19,23546
2025-11-15,Odin_Gr,20,23518
2025-11-15,leposs,21,23210
2025-11-15,rnk,22,23210
2025-11-15,Nerestro,23,23182
2025-11-15,TOUCH MY KNIGHT STICK,24,23168
2025-11-15,Burner,25,22587
2025-11-15,mjwb,26,22583
2025-11-15,Nocek,27,22544
2025-11-15,Gufo77,28,22482
2025-11-15,danger guy,29,22386
2025-11-15,VioletSeraph,30,22351
2025-11-16,Blumpo Gripliskin,1,34189
2025-11-16,btroitsk,2,29192
2025-11-16,imnickio2,3,29113
2025-11-16,Black_Stark,4,28911
2025-11-16,Jhon Whisky,5,28597
2025-11-16,m.melkowski1,6,27065
2025-11-16,Nando Rekel,7,26582
2025-11-16,Mubirobiro [BR],8,25678
2025-11-16,Zu,9,25487
2025-11-16,Xinnzo,10,23219
2025-11-16,JarJar,11,22909
2025-11-16,maximeeepje,12,22727
2025-11-16,cyanx7,13,22515
2025-11-16,smola_2005,14,22474
2025-11-16,owesow23,15,22296
2025-11-16,Nocek,16,22263
2025-11-16,IamSparks,17,22217
2025-11-16,The Hamilton Ham Candle,18,22170
2025-11-16,Dan,19,22084
2025-11-16,DEATH ANGEL X1,20,22028
2025-11-16,linniepinnie,21,21958
2025-11-16,ChO,22,21947
2025-11-16,Laska,23,21896
2025-11-16,Bwooo,24,21870
2025-11-16,Bidderlyn,25,21476
2025-11-16,Tv0r9,26,21407
2025-11-16,S31gn3ur Chr3t13n,27,21020
2025-11-16,Kuthillick,28,20838
2025-11-16,Tbots,29,20804
2025-11-16,[WGS-B] BK,30,20301
2025-11-17,Proxy,1,40083
2025-11-17,Bidderlyn,2,31274
2025-11-17,BekfastStealer,3,31103
2025-11-17,camoutbussin,4,28760
2025-11-17,Jhon Whisky,5,28129
2025-11-17,m.melkowski1,6,27685
2025-11-17,HungryFred,7,27317
2025-11-17,Zu,8,27218
2025-11-17,Dan,9,27143
2025-11-17,Covert Skeleton,10,26096
2025-11-17,S31gn3ur Chr3t13n,11,25976
2025-11-17,Xrenoid,12,25853
2025-11-17,ForgottenSouls,13,25273
2025-11-17,Valerio,14,24805
2025-11-17,Bwooo,15,24183
2025-11-17,Maullis,16,24070
2025-11-17,Quali,17,23935
2025-11-17,Haffey,18,23365
2025-11-17,Nocek,19,23278
2025-11-17,Dreamweaver,20,22926
2025-11-17,Xial,21,22779
2025-11-17,Kapaa,22,22598
2025-11-17,MDyo,23,22203
2025-11-17,Strobocop,24,22062
2025-11-17,btroitsk,25,21902
2025-11-17,JarJar,26,21322
2025-11-17,Gella,27,21017
2025-11-17,DEATH BIMBO,28,20335
2025-11-17,Shivant!,29,20130
2025-11-17,Prozel,30,19606
2025-11-18,Jhon Whisky,1,40756
2025-11-18,camoutbussin,2,35919
2025-11-18,Rubens,3,32247
2025-11-18,Zu,4,31688
2025-11-18,Mubirobiro [BR],5,30137
2025-11-18,TheHunter222,6,29529
2025-11-18,Bidderlyn,7,29079
2025-11-18,m.melkowski1,8,25839
2025-11-18,S31gn3ur Chr3t13n,9,25731
2025-11-18,blankE,10,25587
2025-11-18,john,11,25155
2025-11-18,btroitsk,12,25038
2025-11-18,Valerio,13,24201
2025-11-18,JarJar,14,24082
2025-11-18,Bolid,15,22179
2025-11-18,Handsome_Rakshas,16,22133
2025-11-18,Millonmaster,17,21977
2025-11-18,helltenant,18,21921
2025-11-18,Tv0r9,19,21243
2025-11-18,Njitself,20,20781
2025-11-18,elmrealm,21,20762
2025-11-18,imnickio2,22,20525
2025-11-18,genevrier_ou,23,19985
2025-11-18,Dreamweaver,24,19533
2025-11-18,nyklas,25,19445
2025-11-18,Steely_D89,26,19318
2025-11-18,Laska,27,19064
2025-11-18,juicyteach,28,18245
2025-11-18,Haffey,29,17642
2025-11-18,Sarajas,30,17256
2025-11-19,Jhon Whisky,1,40829
2025-11-19,Zu,2,29106
2025-11-19,Bidderlyn,3,27272
2025-11-19,btroitsk,4,25172
2025-11-19,Rubens,5,25123
2025-11-19,Nocek,6,25114
2025-11-19,t.lewis140,7,23607
2025-11-19,blankE,8,22622
2025-11-19,Xrenoid,9,21902
2025-11-19,samoray737,10,21901
2025-11-19,Liz,11,21450
2025-11-19,Njitself,12,21253
2025-11-19,Madnukin,13,21148
2025-11-19,khang.pham2401,14,21026
2025-11-19,austin_midd,15,19837
2025-11-19,WhatATrueHero,16,19375
2025-11-19,Xel,17,19190
2025-11-19,TheHunter222,18,19092
2025-11-19,Covert Skeleton,19,18782
2025-11-19,lordb3,20,18777
2025-11-19,danger guy,21,18324
2025-11-19,spongeless,22,18307
2025-11-19,Akabane|21stCenturySchizoidGamer,23,18114
2025-11-19,helltenant,24,17816
2025-11-19,hrejarz2,25,17738
2025-11-19,z_iodine,26,17174
2025-11-19,Daiya,27,17097
2025-11-19,nyklas,28,16963
2025-11-19,quietscribe,29,16942
2025-11-19,Laska,30,16804
2025-11-20,Bidderlyn,1,23925
2025-11-20,Rubens,2,22519
2025-11-20,Bwooo,3,21769
2025-11-20,rudedawg,4,21388
2025-11-20,Laska,5,20926
2025-11-20,bullzebub,6,20594
2025-11-20,btroitsk,7,20566
2025-11-20,xmichmen,8,20261
2025-11-20,Api,9,20091
2025-11-20,masterv5983,10,19637
2025-11-20,Biferti,11,19300
2025-11-20,Ongon,12,19255
2025-11-20,Quali,13,18814
2025-11-20,ManBonAs,14,18618
2025-11-20,Shivant!,15,17938
2025-11-20,AGR_Inbound,16,17786
2025-11-20,TsunaHan,17,17608
2025-11-20,TheHunter222,18,17177
2025-11-20,Ally,19,17061
2025-11-20,hrejarz2,20,16870
2025-11-20,Skaer,21,16864
2025-11-20,khang.pham2401,22,16682
2025-11-20,Ikkon,23,16463
2025-11-20,rafael_6x12,24,16365
2025-11-20,Bebop,25,16328
2025-11-20,pyrevolved,26,16212
2025-11-20,nero,27,16070
2025-11-20,t.lewis140,28,16018
2025-11-20,juicyteach,29,15957
2025-11-20,hubby26,30,15813
2025-11-21,Bidderlyn,1,34378
2025-11-21,elmrealm,2,28995
2025-11-21,Zu,3,27995
2025-11-21,Xrenoid,4,27386
2025-11-21,doniatka,5,27128
2025-11-21,WhatATrueHero,6,26752
2025-11-21,Ally,7,26581
2025-11-21,btroitsk,8,26093
2025-11-21,DIBRAS,9,26043
2025-11-21,Madnukin,10,25965
2025-11-21,spongeless,11,25739
2025-11-21,maximeeepje,12,25389
2025-11-21,unapiece32,13,25268
2025-11-21,Tv0r9,14,24773
2025-11-21,Miroko,15,24571
2025-11-21,danger guy,16,24435
2025-11-21,Quali,17,23938
2025-11-21,MEOW Keys,18,23207
2025-11-21,Bananahammockjoe,19,23111
2025-11-21,Big Pauly,20,22923
2025-11-21,m.melkowski1,21,22856
2025-11-21,Dreamweaver,22,22678
2025-11-21,Hellooo What's Up,23,22474
2025-11-21,samoray737,24,22201
2025-11-21,Vodyaroos,25,22170
2025-11-21,hubby26,26,21941
2025-11-21,Bebop,27,21474
2025-11-21,TheShadow,28,21445
2025-11-21,Liz,29,21304
2025-11-21,SwedishPanda,30,20955
2025-11-22,bullzebub,1,28777
2025-11-22,masterv5983,2,28757
2025-11-22,luisarlen23,3,28682
2025-11-22,camoutbussin,4,28326
2025-11-22,Nocek,5,28032
2025-11-22,JarJar,6,27859
2025-11-22,Friendo,7,27564
2025-11-22,Dreamweaver,8,26926
2025-11-22,pyrevolved,9,26916
2025-11-22,cottleoscar,10,26800
2025-11-22,m.melkowski1,11,26611
2025-11-22,joes.feliciani,12,26550
2025-11-22,Dan,13,26466
2025-11-22,Rubens,14,26430
2025-11-22,btroitsk,15,26159
2025-11-22,S31gn3ur Chr3t13n,16,26146
2025-11-22,ManBonAs,17,25700
2025-11-22,Quali,18,25458
2025-11-22,Alvarin,19,25035
2025-11-22,louangillier,20,24639
2025-11-22,Коmар,21,24489
2025-11-22,maximeeepje,22,24406
2025-11-22,Billy Bear Cave,23,24295
2025-11-22,crownwing,24,24255
2025-11-22,StoryEdge,25,24121
2025-11-22,Mortis,26,24090
2025-11-22,Miroko,27,24083
2025-11-22,blankE,28,24062
2025-11-22,Good Gamer,29,24007
2025-11-22,Tv0r9,30,23813
2025-11-23,Zu,1,31722
2025-11-23,S31gn3ur Chr3t13n,2,31113
2025-11-23,doniatka,3,31050
2025-11-23,JarJar,4,28170
2025-11-23,m.melkowski1,5,28059
2025-11-23,btroitsk,6,27921
2025-11-23,Quali,7,27765
2025-11-23,Augustin,8,27025
2025-11-23,Covert Skeleton,9,26667
2025-11-23,Xrenoid,10,26652
2025-11-23,Nocek,11,26051
2025-11-23,Dan,12,25735
2025-11-23,camoutbussin,13,25441
2025-11-23,Sly_C0rVid,14,25215
2025-11-23,blaseigor,15,25142
2025-11-23,minneymcshort,16,25129
2025-11-23,TheHunter222,17,25028
2025-11-23,ManBonAs,18,24842
2025-11-23,hubby26,19,24771
2025-11-23,BaronCuckamedi,20,24630
2025-11-23,danger guy,21,24542
2025-11-23,wally_punisher,22,24267
2025-11-23,Tv0r9,23,24155
2025-11-23,DaaSnail,24,23794
2025-11-23,Ahem,25,23714
2025-11-23,grahamthehuman,26,23694
2025-11-23,flyerstorm,27,23605
2025-11-23,masterv5983,28,23285
2025-11-23,khang.pham2401,29,23179
2025-11-23,Maullis,30,23135
2025-11-24,GeekDoesStuff,1,27957
2025-11-24,horst-van-panzer,2,24756
2025-11-24,Zu,3,24739
2025-11-24,Skoops!,4,24193
2025-11-24,Xrenoid,5,23709
2025-11-24,genevrier_ou,6,22882
2025-11-24,Lycerker,7,22736
2025-11-24,demitype,8,22735
2025-11-24,Odin_Gr,9,22501
2025-11-24,m.melkowski1,10,22307
2025-11-24,grahamthehuman,11,21809
2025-11-24,Gannon,12,21653
2025-11-24,z_iodine,13,21574
2025-11-24,DIBRAS,14,21536
2025-11-24,Quali,15,21454
2025-11-24,whatyesoh,16,21341
2025-11-24,Bebop,17,21337
2025-11-24,btroitsk,18,21172
2025-11-24,masterv5983,19,20860
2025-11-24,bullzebub,20,20855
2025-11-24,flowerlady32,21,20659
2025-11-24,Booorman,22,20163
2025-11-24,camoutbussin,23,20109
2025-11-24,Ёжик,24,19975
2025-11-24,Chocopie,25,19904
2025-11-24,semperpsychotic,26,19817
2025-11-24,helltenant,27,19401
2025-11-24,Nocek,28,19350
2025-11-24,kenny_horror,29,18884
2025-11-24,Ongon,30,18752
2025-11-25,Vadd,1,32815
2025-11-25,camoutbussin,2,31769
2025-11-25,m.melkowski1,3,31462
2025-11-25,btroitsk,4,31235
2025-11-25,doniatka,5,31201
2025-11-25,blankE,6,30678
2025-11-25,Booorman,7,29718
2025-11-25,Dreamweaver,8,29608
2025-11-25,ricardo_lbrugnago,9,29314
2025-11-25,r3coil,10,29203
2025-11-25,grahamthehuman,11,29148
2025-11-25,LaQcaracha,12,29080
2025-11-25,Xrenoid,13,28190
2025-11-25,BROK3N Fury,14,27669
2025-11-25,Nocek,15,27440
2025-11-25,Strobocop,16,27437
2025-11-25,Disorder,17,27293
2025-11-25,Valerio,18,27245
2025-11-25,samoray737,19,27176
2025-11-25,luisarlen23,20,26866
2025-11-25,genevrier_ou,21,26830
2025-11-25,NakedKnives,22,26619
2025-11-25,panosnonpoint,23,26451
2025-11-25,awSam,24,26420
2025-11-25,Zap,25,26099
2025-11-25,Jeeda Sensei,26,25808
2025-11-25,Terrentis,27,25688
2025-11-25,Thunderstone44,28,25339
2025-11-25,Likoukos,29,25277
2025-11-25,crownwing,30,25091
2025-11-26,Blumpo Gripliskin,1,33399
2025-11-26,m.melkowski1,2,33194
2025-11-26,ricardo_lbrugnago,3,29364
2025-11-26,headhuntman,4,28548
2025-11-26,btroitsk,5,28068
2025-11-26,AGR_Inbound,6,27866
2025-11-26,Skoops!,7,27641
2025-11-26,Vadd,8,27513
2025-11-26,camoutbussin,9,26948
2025-11-26,Masterspades,10,26932
2025-11-26,Ongon,11,26714
2025-11-26,Il sottocollo di M.Costanzo,12,26637
2025-11-26,Ahem,13,26075
2025-11-26,ReneLeBebe,14,25850
2025-11-26,Quali,15,25842
2025-11-26,KLAX,16,25707
2025-11-26,Kraseg,17,25697
2025-11-26,Heros are Dead,18,25686
2025-11-26,austin_midd,19,25476
2025-11-26,masterv5983,20,25082
2025-11-26,wally_punisher,21,24924
2025-11-26,luisarlen23,22,24859
2025-11-26,hubby26,23,24659
2025-11-26,Likoukos,24,24534
2025-11-26,SylntNight,25,24160
2025-11-26,sporeprintf,26,24079
2025-11-26,whatyesoh,27,23980
2025-11-26,ImAndy,28,23837
2025-11-26,Tv0r9,29,23773
2025-11-26,Dreamweaver,30,23645
2025-11-27,Quali,1,31859
2025-11-27,Nocek,2,30882
2025-11-27,Dan,3,30634
2025-11-27,Dreamweaver,4,30102
2025-11-27,AGR_Inbound,5,29227
2025-11-27,masterv5983,6,29037
2025-11-27,austin_midd,7,27901
2025-11-27,grahamthehuman,8,27311
2025-11-27,m.melkowski1,9,26910
2025-11-27,danger guy,10,26819
2025-11-27,kaiserbeel,11,26786
2025-11-27,Ahem,12,26711
2025-11-27,Vadd,13,26136
2025-11-27,tmczar,14,26040
2025-11-27,btroitsk,15,25633
2025-11-27,horst-van-panzer,16,25292
2025-11-27,riccardovercelli99,17,25246
2025-11-27,JarJar,18,24860
2025-11-27,Heros are Dead,19,23929
2025-11-27,helltenant,20,23744
2025-11-27,SylntNight,21,23313
2025-11-27,gabbo.giova97,22,23097
2025-11-27,Skoops!,23,22772
2025-11-27,ManBonAs,24,22700
2025-11-27,Lord Atticus Chadicus Flexington,25,22627
2025-11-27,Odin_Gr,26,22500
2025-11-27,Kingdedede bobo,27,22484
2025-11-27,khang.pham2401,28,22401
2025-11-27,jjjeffer78,29,22348
2025-11-27,Musicman,30,22297
2025-11-28,Quali,1,30725
2025-11-28,btroitsk,2,29231
2025-11-28,semperpsychotic,3,29202
2025-11-28,AGR_Inbound,4,28938
2025-11-28,Blumpo Gripliskin,5,27818
2025-11-28,Dan,6,27712
2025-11-28,Jeeda Sensei,7,27094
2025-11-28,Covert Skeleton,8,27082
2025-11-28,Tv0r9,9,26848
2025-11-28,Zu,10,26352
2025-11-28,Xrenoid,11,25622
2025-11-28,Nocek,12,25459
2025-11-28,greattwizzler,13,25411
2025-11-28,Ahem,14,24900
2025-11-28,Prozel,15,24718
2025-11-28,Dreamweaver,16,24697
2025-11-28,danger guy,17,24442
2025-11-28,blankE,18,24412
2025-11-28,Ongon,19,24285
2025-11-28,yaelsky96,20,24219
2025-11-28,ReneLeBebe,21,23943
2025-11-28,NakedKnives,22,23842
2025-11-28,Sinister Fang,23,23621
2025-11-28,Dillicious,24,23523
2025-11-28,mjwb,25,22864
2025-11-28,Pledgedplum,26,22799
2025-11-28,spongeless,27,22617
2025-11-28,lombi2001,28,22603
2025-11-28,Revirth,29,22566
2025-11-28,hubby26,30,22550
2025-11-29,semperpsychotic,1,30883
2025-11-29,Quali,2,29840
2025-11-29,Nocek,3,28884
2025-11-29,btroitsk,4,28570
2025-11-29,maximeeepje,5,28462
2025-11-29,m.melkowski1,6,27468
2025-11-29,hubby26,7,27214
2025-11-29,Zardon,8,26694
2025-11-29,Jeeda Sensei,9,26110
2025-11-29,Dan,10,26014
2025-11-29,S31gn3ur Chr3t13n,11,25799
2025-11-29,Simmonsfield,12,25743
2025-11-29,Valiant Coruscare,13,25223
2025-11-29,Noiru,14,23431
2025-11-29,Boris,15,20314
2025-11-29,genevrier_ou,16,20185
2025-11-29,nikkHz,17,20120
2025-11-29,blaseigor,18,19913
2025-11-29,TheShadow,19,19894
2025-11-29,Feline,20,19767
2025-11-29,Grimning,21,19659
2025-11-29,Xrenoid,22,19449
2025-11-29,darkspaceii,23,18936
2025-11-29,osojoso,24,18928
2025-11-29,hrejarz2,25,18920
2025-11-29,markhammer1982,26,18871
2025-11-29,Foamdome,27,18861
2025-11-29,ManBonAs,28,18285
2025-11-29,Mascord,29,18239
2025-11-29,Roob82,30,17851
2025-11-30,Rubens,1,36803
2025-11-30,Nocek,2,32948
2025-11-30,Quali,3,32836
2025-11-30,Heros are Dead,4,32388
2025-11-30,Mubirobiro [BR],5,32251
2025-11-30,Jeeda Sensei,6,32064
2025-11-30,TheHunter222,7,31217
2025-11-30,m.melkowski1,8,30827
2025-11-30,TOBI,9,28189
2025-11-30,Dan,10,28164
2025-11-30,hubby26,11,27944
2025-11-30,doniatka,12,27853
2025-11-30,BattleOfWits,13,27387
2025-11-30,luisarlen23,14,27045
2025-11-30,Dreamweaver,15,26369
2025-11-30,Коmар,16,26188
2025-11-30,Sarajas,17,25818
2025-11-30,Britalin,18,25576
2025-11-30,rafael.olvb,19,25351
2025-11-30,Chaz Shep,20,25162
2025-11-30,Dangil Sparda,21,24785
2025-11-30,blaseigor,22,23431
2025-11-30,Trupus,23,23246
2025-11-30,Xial,24,23185
2025-11-30,MorganMacabre,25,22786
2025-11-30,masterv5983,26,22271
2025-11-30,Grim69,27,21914
2025-11-30,BigOak,28,21894
2025-11-30,Argo,29,21546
2025-11-30,tsromanow,30,21235
2025-12-01,TheHunter222,1,38477
2025-12-01,Dan,2,36054
2025-12-01,btroitsk,3,33703
2025-12-01,S31gn3ur Chr3t13n,4,32654
2025-12-01,Nocek,5,31871
2025-12-01,Rubens,6,30550
2025-12-01,m.melkowski1,7,28799
2025-12-01,Punch WB,8,28562
2025-12-01,AGR_Inbound,9,27081
2025-12-01,Skoops!,10,26941
2025-12-01,hubby26,11,26620
2025-12-01,spongeless,12,26466
2025-12-01,masterv5983,13,26104
2025-12-01,semperpsychotic,14,25700
2025-12-01,danger guy,15,25310
2025-12-01,rudedawg,16,25171
2025-12-01,JarJar,17,24525
2025-12-01,doniatka,18,24523
2025-12-01,Dreamweaver,19,24483
2025-12-01,Quali,20,23494
2025-12-01,z_iodine,21,23150
2025-12-01,hrejarz2,22,22216
2025-12-01,KingofRedLions,23,22148
2025-12-01,slaaneshtgof,24,20950
2025-12-01,Odin_Gr,25,20786
2025-12-01,OldGregg,26,19644
2025-12-01,Penfold,27,19434
2025-12-01,Sarajas,28,19228
2025-12-01,philippe.ambroise.pro,29,19126
2025-12-01,Ogera,30,18620
2025-12-02,btroitsk,1,31548
2025-12-02,greattwizzler,2,30864
2025-12-02,m.melkowski1,3,30241
2025-12-02,Jeeda Sensei,4,30060
2025-12-02,luisarlen23,5,29678
2025-12-02,Quali,6,29474
2025-12-02,Alvarin,7,28172
2025-12-02,camoutbussin,8,27806
2025-12-02,Mubirobiro [BR],9,26672
2025-12-02,hubby26,10,25492
2025-12-02,TheShadow,11,24621
2025-12-02,Young Catweazle,12,24434
2025-12-02,Sinister Fang,13,24429
2025-12-02,danger guy,14,24206
2025-12-02,Odin_Gr,15,24168
2025-12-02,Dan,16,24134
2025-12-02,Grimning,17,24046
2025-12-02,(-.-)Zzz,18,23925
2025-12-02,Grim69,19,22481
2025-12-02,Lucyyyyy,20,22296
2025-12-02,BigOak,21,22127
2025-12-02,TerryB_2,22,22098
2025-12-02,khang.pham2401,23,21981
2025-12-02,giak_gunzerker,24,21828
2025-12-02,blaseigor,25,21764
2025-12-02,austin_midd,26,21731
2025-12-02,Dillicious,27,21701
2025-12-02,Trupus,28,21634
2025-12-02,bullzebub,29,21555
2025-12-02,mjwb,30,21264
2025-12-03,Blumpo Gripliskin,1,35082
2025-12-03,btroitsk,2,30403
2025-12-03,Bidderlyn,3,30384
2025-12-03,Jeeda Sensei,4,30333
2025-12-03,camoutbussin,5,27302
2025-12-03,seagull,6,26932
2025-12-03,mjwb,7,26753
2025-12-03,AGR_Inbound,8,26569
2025-12-03,philippe.ambroise.pro,9,26191
2025-12-03,Nocek,10,25691
2025-12-03,Quali,11,25435
2025-12-03,Graeme,12,24492
2025-12-03,Odin_Gr,13,24475
2025-12-03,austin_midd,14,24334
2025-12-03,Hildarkien,15,23937
2025-12-03,greattwizzler,16,23768
2025-12-03,danger guy,17,23744
2025-12-03,Coyface,18,23156
2025-12-03,Dan,19,23029
2025-12-03,iago,20,22940
2025-12-03,masterv5983,21,22280
2025-12-03,grapek664,22,21924
2025-12-03,Laska,23,21862
2025-12-03,TheShadow,24,21045
2025-12-03,schmendrikson,25,20802
2025-12-03,blankE,26,20779
2025-12-03,StefanoTheBrazilian,27,20695
2025-12-03,jamassie120,28,20560
2025-12-03,Young Catweazle,29,20553
2025-12-03,ＮＥＦＡＲＩＯＵＳ,30,20528
2025-12-04,Quali,1,30848
2025-12-04,luisarlen23,2,30006
2025-12-04,Jeeda Sensei,3,29986
2025-12-04,Bidderlyn,4,29612
2025-12-04,btroitsk,5,28672
2025-12-04,m.melkowski1,6,27654
2025-12-04,danger guy,7,26110
2025-12-04,masterv5983,8,25644
2025-12-04,Xrenoid,9,25199
2025-12-04,juicyteach,10,22720
2025-12-04,Mathews,11,22618
2025-12-04,blankE,12,22550
2025-12-04,Mubirobiro [BR],13,22347
2025-12-04,Kaza,14,21880
2025-12-04,Frunz15,15,21875
2025-12-04,cuervo1860,16,21526
2025-12-04,Zap,17,21034
2025-12-04,Akovoodo,18,20948
2025-12-04,Leshy,19,20750
2025-12-04,blaseigor,20,20617
2025-12-04,genevrier_ou,21,20540
2025-12-04,krd,22,20059
2025-12-04,Hirow,23,19941
2025-12-04,z_iodine,24,19912
2025-12-04,benreichardt,25,19722
2025-12-04,t.lewis140,26,19699
2025-12-04,MangiaWhopper,27,19271
2025-12-04,Doug_D@ta_Scientist,28,19181
2025-12-04,Rexotank,29,19164
2025-12-04,SuperSumo_217,30,19047
2025-12-05,N Prime,1,38401
2025-12-05,Bidderlyn,2,35072
2025-12-05,m.melkowski1,3,33843
2025-12-05,Quali,4,33380
2025-12-05,thx,5,32040
2025-12-05,Booorman,6,31362
2025-12-05,Dangil Sparda,7,30736
2025-12-05,Xrenoid,8,30667
2025-12-05,Vadd,9,29438
2025-12-05,Skoops!,10,29403
2025-12-05,blankE,11,28804
2025-12-05,OldGregg,12,28762
2025-12-05,Mubirobiro [BR],13,28423
2025-12-05,TerryB_2,14,28345
2025-12-05,vicTIM_jr,15,28137
2025-12-05,Jeeda Sensei,16,27723
2025-12-05,danger guy,17,27698
2025-12-05,Siker_7,18,27497
2025-12-05,"Hurok, Master Climber",19,27429
2025-12-05,Коmар,20,27144
2025-12-05,camoutbussin,21,27125
2025-12-05,NakedKnives,22,27032
2025-12-05,nananaStefan,23,26853
2025-12-05,semperpsychotic,24,26722
2025-12-05,Chocopie,25,26532
2025-12-05,masterv5983,26,26323
2025-12-05,bullzebub,27,26027
2025-12-05,t.lewis140,28,26015
2025-12-05,ManBonAs,29,25817
2025-12-05,Sarajas,30,25691
2025-12-06,S31gn3ur Chr3t13n,1,36000
2025-12-06,Quali,2,32848
2025-12-06,m.melkowski1,3,32603
2025-12-06,Bidderlyn,4,32307
2025-12-06,Booorman,5,32246
2025-12-06,Rubens,6,31136
2025-12-06,Skoops!,7,29793
2025-12-06,Siker_7,8,26346
2025-12-06,thx,9,26191
2025-12-06,markhammer1982,10,26119
2025-12-06,Doug_D@ta_Scientist,11,25988
2025-12-06,Young Catweazle,12,25856
2025-12-06,Kazed,13,25629
2025-12-06,Odin_Gr,14,25446
2025-12-06,Nocek,15,25433
2025-12-06,Il sottocollo di M.Costanzo,16,24914
2025-12-06,juicyteach,17,24368
2025-12-06,yaelsky96,18,24228
2025-12-06,HZaninelli,19,24130
2025-12-06,masterv5983,20,24073
2025-12-06,t.lewis140,21,23936
2025-12-06,Sol789,22,23849
2025-12-06,TheShadow,23,23485
2025-12-06,Xrenoid,24,23394
2025-12-06,krd,25,23280
2025-12-06,cuervo1860,26,22766
2025-12-06,[WGS-B] BK,27,22648
2025-12-06,Blakarius,28,22582
2025-12-06,bullzebub,29,22561
2025-12-06,simon.fuentes,30,21767
2025-12-07,Jeeda Sensei,1,34642
2025-12-07,m.melkowski1,2,34543
2025-12-07,S31gn3ur Chr3t13n,3,32533
2025-12-07,Bidderlyn,4,32172
2025-12-07,[WGS-B] BK,5,31165
2025-12-07,doniatka,6,28928
2025-12-07,Xrenoid,7,28861
2025-12-07,masterv5983,8,28609
2025-12-07,t.lewis140,9,26845
2025-12-07,Quali,10,26820
2025-12-07,Roob82,11,26719
2025-12-07,gg,12,26331
2025-12-07,Laska,13,26180
2025-12-07,SDubya,14,26162
2025-12-07,blankE,15,25800
2025-12-07,Trupus,16,25573
2025-12-07,Tv0r9,17,25290
2025-12-07,BigOak,18,24766
2025-12-07,cuervo1860,19,24695
2025-12-07,blaseigor,20,24458
2025-12-07,Big Pauly,21,23817
2025-12-07,catJAM,22,23586
2025-12-07,Lovis,23,23505
2025-12-07,Frango,24,23448
2025-12-07,hrejarz2,25,23056
2025-12-07,jamiebagley233,26,22994
2025-12-07,ControllerPlayer21,27,22891
2025-12-07,Ars Zavet,28,22848
2025-12-07,vicTIM_jr,29,22564
2025-12-07,ciga,30,22162
2025-12-08,Xrenoid,1,31856
2025-12-08,Bidderlyn,2,31381
2025-12-08,Mubirobiro [BR],3,31341
2025-12-08,Jeeda Sensei,4,30074
2025-12-08,m.melkowski1,5,29438
2025-12-08,vicTIM_jr,6,27523
2025-12-08,Rubens,7,26317
2025-12-08,masterv5983,8,24705
2025-12-08,Xial,9,23876
2025-12-08,bullzebub,10,23865
2025-12-08,rafael.olvb,11,22135
2025-12-08,JarJar,12,21810
2025-12-08,slaaneshtgof,13,21596
2025-12-08,Quali,14,21428
2025-12-08,khang.pham2401,15,21031
2025-12-08,krd,16,20998
2025-12-08,mjwb,17,20979
2025-12-08,SDubya,18,20834
2025-12-08,Odin_Gr,19,20821
2025-12-08,TheShadow,20,20360
2025-12-08,Frunz15,21,19997
2025-12-08,Hirow,22,19969
2025-12-08,Laska,23,19876
2025-12-08,GM DOOM,24,19859
2025-12-08,jamiebagley233,25,19808
2025-12-08,Xarr,26,19578
2025-12-08,markhammer1982,27,19574
2025-12-08,tsromanow,28,19121
2025-12-08,ExplodingDice,29,19099
2025-12-08,Zap,30,19001
2025-12-09,luisarlen23,1,39177
2025-12-09,Bidderlyn,2,38926
2025-12-09,Quali,3,37070
2025-12-09,Booorman,4,36203
2025-12-09,TerryB_2,5,34403
2025-12-09,Rubens,6,34348
2025-12-09,Laska,7,34208
2025-12-09,Tv0r9,8,34113
2025-12-09,Dillicious,9,32828
2025-12-09,Xrenoid,10,32364
2025-12-09,Jeeda Sensei,11,32024
2025-12-09,ChO,12,31466
2025-12-09,m.melkowski1,13,31312
2025-12-09,Skoops!,14,30947
2025-12-09,Xial,15,30867
2025-12-09,TheHunter222,16,30765
2025-12-09,Stubbsius,17,30369
2025-12-09,blankE,18,29722
2025-12-09,austin_midd,19,29650
2025-12-09,Gagglegork,20,29476
2025-12-09,JarJar,21,29092
2025-12-09,krd,22,28881
2025-12-09,Xunz,23,28448
2025-12-09,cuervo1860,24,28007
2025-12-09,[WGS-B] BK,25,27944
2025-12-09,vicTIM_jr,26,27826
2025-12-09,Dangil Sparda,27,27604
2025-12-09,Mara Bernardes,28,27271
2025-12-09,z_iodine,29,26672
2025-12-09,rafaaristidessr,30,26432
2025-12-10,Jeeda Sensei,1,38276
2025-12-10,luisarlen23,2,38173
2025-12-10,ricardo_lbrugnago,3,36657
2025-12-10,m.melkowski1,4,35936
2025-12-10,austin_midd,5,35294
2025-12-10,blankE,6,34964
2025-12-10,S31gn3ur Chr3t13n,7,34939
2025-12-10,TheHunter222,8,33207
2025-12-10,Xrenoid,9,32922
2025-12-10,Skoops!,10,32392
2025-12-10,Quali,11,32048
2025-12-10,masterv5983,12,31832
2025-12-10,Bidderlyn,13,31361
2025-12-10,khang.pham2401,14,30762
2025-12-10,AnchorTide,15,30527
2025-12-10,Exres,16,30133
2025-12-10,Covert Skeleton,17,29527
2025-12-10,Ben the Human,18,29380
2025-12-10,spongeless,19,28572
2025-12-10,belladnl,20,27985
2025-12-10,Astral,21,27874
2025-12-10,yaelsky96,22,27509
2025-12-10,t.lewis140,23,27428
2025-12-10,Nocek,24,27270
2025-12-10,bullzebub,25,26827
2025-12-10,Odin_Gr,26,26824
2025-12-10,Nemo,27,26747
2025-12-10,ManBonAs,28,26682
2025-12-10,Esteban Dorado,29,26255
2025-12-10,krd,30,26099
2025-12-11,Quali,1,33411
2025-12-11,luisarlen23,2,32762
2025-12-11,Bidderlyn,3,32192
2025-12-11,m.melkowski1,4,31016
2025-12-11,austin_midd,5,30487
2025-12-11,Jeeda Sensei,6,30346
2025-12-11,S31gn3ur Chr3t13n,7,29878
2025-12-11,Likoukos,8,28605
2025-12-11,camoutbussin,9,28032
2025-12-11,TheHunter222,10,26885
2025-12-11,Dillicious,11,25962
2025-12-11,Laska,12,24652
2025-12-11,Xrenoid,13,24473
2025-12-11,masterv5983,14,23500
2025-12-11,doniatka,15,23371
2025-12-11,z_iodine,16,23200
2025-12-11,FUSNM,17,22918
2025-12-11,JarJar,18,22525
2025-12-11,Zap,19,22496
2025-12-11,Tv0r9,20,22347
2025-12-11,khang.pham2401,21,22222
2025-12-11,deniu,22,21716
2025-12-11,blankE,23,20808
2025-12-11,juicyteach,24,20354
2025-12-11,(-.-)Zzz,25,20126
2025-12-11,Odin_Gr,26,19539
2025-12-11,rafael.olvb,27,19535
2025-12-11,Xunz,28,19249
2025-12-11,Skoops!,29,18848
2025-12-11,God is God,30,18045
2025-12-12,Quali,1,33468
2025-12-12,Bidderlyn,2,33439
2025-12-12,camoutbussin,3,32948
2025-12-12,luisarlen23,4,31755
2025-12-12,N Prime,5,31676
2025-12-12,Jeeda Sensei,6,31375
2025-12-12,doniatka,7,29715
2025-12-12,m.melkowski1,8,29396
2025-12-12,Xrenoid,9,29202
2025-12-12,austin_midd,10,28677
2025-12-12,Laska,11,28676
2025-12-12,slaaneshtgof,12,28533
2025-12-12,alexander.r,13,27181
2025-12-12,Likoukos,14,26133
2025-12-12,S31gn3ur Chr3t13n,15,26077
2025-12-12,JarJar,16,24561
2025-12-12,imnickio2,17,24267
2025-12-12,bullzebub,18,24140
2025-12-12,ciga,19,22982
2025-12-12,cuervo1860,20,22953
2025-12-12,TheHunter222,21,22416
2025-12-12,TerryB_2,22,19938
2025-12-12,Alvarin,23,19915
2025-12-12,blankE,24,19492
2025-12-12,Xunz,25,19172
2025-12-12,masterv5983,26,18792
2025-12-12,Коля Зман,27,18555
2025-12-12,khang.pham2401,28,18023
2025-12-12,hrejarz2,29,17714
2025-12-12,grapek664,30,17693
2025-12-13,Bidderlyn,1,32127
2025-12-13,doniatka,2,30758
2025-12-13,luisarlen23,3,30248
2025-12-13,Jeeda Sensei,4,29498
2025-12-13,Xunz,5,29306
2025-12-13,Quali,6,29289
2025-12-13,Covert Skeleton,7,29044
2025-12-13,Blumpo Gripliskin,8,28413
2025-12-13,m.melkowski1,9,28241
2025-12-13,bullzebub,10,27573
2025-12-13,S31gn3ur Chr3t13n,11,27246
2025-12-13,Frunz15,12,27108
2025-12-13,slaaneshtgof,13,26843
2025-12-13,Skoops!,14,26617
2025-12-13,OldGregg,15,26421
2025-12-13,TheHunter222,16,25976
2025-12-13,Trillgamesh,17,25494
2025-12-13,Xrenoid,18,25489
2025-12-13,radioeddyo,19,25227
2025-12-13,ciga,20,24396
2025-12-13,ManBonAs,21,24114
2025-12-13,t.lewis140,22,24067
2025-12-13,mjwb,23,23963
2025-12-13,khang.pham2401,24,23954
2025-12-13,hrejarz2,25,23590
2025-12-13,Trupus,26,22673
2025-12-13,riccardo.ddf,27,22455
2025-12-13,[WGS-B] BK,28,22284
2025-12-13,Chocopie,29,22142
2025-12-13,schmendrikson,30,21973
2025-12-14,Bidderlyn,1,37408
2025-12-14,m.melkowski1,2,35739
2025-12-14,Blumpo Gripliskin,3,35089
2025-12-14,TheHunter222,4,32717
2025-12-14,luisarlen23,5,31597
2025-12-14,Xrenoid,6,31137
2025-12-14,blankE,7,30703
2025-12-14,Quali,8,30659
2025-12-14,Jeeda Sensei,9,30486
2025-12-14,Haffey,10,29567
2025-12-14,doniatka,11,28868
2025-12-14,mjwb,12,28812
2025-12-14,jamiebagley233,13,28351
2025-12-14,inyurface,14,27777
2025-12-14,JarJar,15,27697
2025-12-14,Laska,16,27410
2025-12-14,Siker_7,17,27135
2025-12-14,slaaneshtgof,18,26833
2025-12-14,Young Catweazle,19,26623
2025-12-14,DaaSnail,20,26266
2025-12-14,BigOak,21,25620
2025-12-14,Dreamweaver,22,25478
2025-12-14,thx,23,25191
2025-12-14,masterv5983,24,25190
2025-12-14,ManBonAs,25,24819
2025-12-14,Hellooo What's Up,26,24566
2025-12-14,ciga,27,24539
2025-12-14,DailyRunCrasher,28,23692
2025-12-14,Xunz,29,23688
2025-12-14,z_iodine,30,23031
2025-12-15,Bidderlyn,1,35950
2025-12-15,Blumpo Gripliskin,2,35482
2025-12-15,Quali,3,34885
2025-12-15,austin_midd,4,34712
2025-12-15,S31gn3ur Chr3t13n,5,34179
2025-12-15,N Prime,6,33753
2025-12-15,m.melkowski1,7,33288
2025-12-15,Skoops!,8,32447
2025-12-15,BigOak,9,31496
2025-12-15,doniatka,10,31294
2025-12-15,Jeeda Sensei,11,30679
2025-12-15,Siker_7,12,29043
2025-12-15,Xrenoid,13,27628
2025-12-15,blankE,14,27563
2025-12-15,t.lewis140,15,27066
2025-12-15,masterv5983,16,26973
2025-12-15,TTobing,17,26629
2025-12-15,schmendrikson,18,25743
2025-12-15,Zap,19,25269
2025-12-15,DailyRunCrasher,20,25242
2025-12-15,Foamdome,21,24806
2025-12-15,Ares [ESP],22,24670
2025-12-15,jamiebagley233,23,24666
2025-12-15,khang.pham2401,24,24500
2025-12-15,Doug_D@ta_Scientist,25,24434
2025-12-15,Esteban Dorado,26,24375
2025-12-15,UpscaleACE,27,24281
2025-12-15,dangardavid,28,24012
2025-12-15,Varravann,29,23923
2025-12-15,Lord Atticus Chadicus Flexington,30,23815
2025-12-16,N Prime,1,38208
2025-12-16,Bidderlyn,2,36482
2025-12-16,Jeeda Sensei,3,34527
2025-12-16,Quali,4,31826
2025-12-16,austin_midd,5,31555
2025-12-16,gitm_4,6,31076
2025-12-16,m.melkowski1,7,28316
2025-12-16,masterv5983,8,28292
2025-12-16,Brontozaurul,9,27388
2025-12-16,Scarmind.Italy,10,26786
2025-12-16,Esteban Dorado,11,26276
2025-12-16,doniatka,12,23213
2025-12-16,ciga,13,22281
2025-12-16,Коля Зман,14,22251
2025-12-16,DailyRunCrasher,15,21769
2025-12-16,Lovis,16,21666
2025-12-16,Коmар,17,21649
2025-12-16,juicyteach,18,21623
2025-12-16,Osel,19,21251
2025-12-16,JarJar,20,20990
2025-12-16,Xunz,21,20761
2025-12-16,Grumblecakes,22,20688
2025-12-16,VioletSeraph,23,20650
2025-12-16,8bitHeR0,24,20611
2025-12-16,vicTIM_jr,25,20524
2025-12-16,Torfin,26,20370
2025-12-16,Grimning,27,20302
2025-12-16,Trillgamesh,28,19813
2025-12-16,Firefox,29,19741
2025-12-16,LucarioST_20,30,19029
2025-12-17,N Prime,1,27462
2025-12-17,Quali,2,27277
2025-12-17,doniatka,3,26967
2025-12-17,Jeeda Sensei,4,26088
2025-12-17,Xunz,5,24549
2025-12-17,masterv5983,6,23942
2025-12-17,ManBonAs,7,23822
2025-12-17,austin_midd,8,23582
2025-12-17,Pastori's,9,22984
2025-12-17,gitm_4,10,22984
2025-12-17,schmendrikson,11,22864
2025-12-17,khang.pham2401,12,22436
2025-12-17,S31gn3ur Chr3t13n,13,22249
2025-12-17,Frunz15,14,22224
2025-12-17,Xial,15,22175
2025-12-17,blankE,16,21899
2025-12-17,BigOak,17,21487
2025-12-17,JarJar,18,20893
2025-12-17,ciga,19,20845
2025-12-17,spongeless,20,20672
2025-12-17,Xrenoid,21,20595
2025-12-17,thx,22,20438
2025-12-17,Freedom,23,20431
2025-12-17,philippe.ambroise.pro,24,19987
2025-12-17,Blumpo Gripliskin,25,19841
2025-12-17,Grimning,26,19544
2025-12-17,Siker_7,27,19477
2025-12-17,vyacheslavmurzagulov,28,19440
2025-12-17,Hfmotta,29,19126
2025-12-17,Bananahammockjoe,30,18832
2025-12-18,Jeeda Sensei,1,37602
2025-12-18,Bidderlyn,2,37465
2025-12-18,luisarlen23,3,35408
2025-12-18,BigOak,4,32770
2025-12-18,Xrenoid,5,32404
2025-12-18,Doug_D@ta_Scientist,6,31139
2025-12-18,gitm_4,7,28578
2025-12-18,austin_midd,8,26535
2025-12-18,ManBonAs,9,25124
2025-12-18,doniatka,10,24900
2025-12-18,Quali,11,24380
2025-12-18,masterv5983,12,22954
2025-12-18,khang.pham2401,13,22812
2025-12-18,blankE,14,21972
2025-12-18,ciga,15,21597
2025-12-18,riccardo.ddf,16,20706
2025-12-18,z_iodine,17,20641
2025-12-18,JarJar,18,20466
2025-12-18,DavidPrime83,19,20258
2025-12-18,jjjeffer78,20,19606
2025-12-18,Pastori's,21,19529
2025-12-18,Lovis,22,19251
2025-12-18,newnes125,23,18966
2025-12-18,hrejarz2,24,18404
2025-12-18,iago,25,18156
2025-12-18,Xunz,26,17870
2025-12-18,SuperSumo_217,27,17601
2025-12-18,Rafael Veríssimo,28,17581
2025-12-18,Bananaphone,29,16253
2025-12-18,Lucyyyyy,30,16198
2025-12-19,S31gn3ur Chr3t13n,1,33871
2025-12-19,Bidderlyn,2,33013
2025-12-19,Blumpo Gripliskin,3,31629
2025-12-19,austin_midd,4,31133
2025-12-19,Quali,5,31055
2025-12-19,doniatka,6,29146
2025-12-19,Jeeda Sensei,7,29027
2025-12-19,luisarlen23,8,28268
2025-12-19,jjjeffer78,9,27181
2025-12-19,gitm_4,10,26464
2025-12-19,Xunz,11,26437
2025-12-19,genevrier_ou,12,25786
2025-12-19,tsromanow,13,24965
2025-12-19,0mexol,14,24948
2025-12-19,Skoops!,15,24868
2025-12-19,DailyRunCrasher,16,24676
2025-12-19,Bloody,17,23976
2025-12-19,DIBRAS,18,23839
2025-12-19,Zap,19,23169
2025-12-19,adrian,20,22664
2025-12-19,BSSAndrea,21,22649
2025-12-19,slaaneshtgof,22,22592
2025-12-19,hrejarz2,23,22510
2025-12-19,Lovis,24,21981
2025-12-19,Hellooo What's Up,25,20958
2025-12-19,Grimning,26,20910
2025-12-19,Esteban Dorado,27,20823
2025-12-19,Коmар,28,20810
2025-12-19,schmendrikson,29,20438
2025-12-19,Trupus,30,20102
2025-12-20,Bidderlyn,1,39020
2025-12-20,austin_midd,2,36965
2025-12-20,camoutbussin,3,36728
2025-12-20,Jeeda Sensei,4,34113
2025-12-20,N Prime,5,32547
2025-12-20,Quali,6,32169
2025-12-20,S31gn3ur Chr3t13n,7,31798
2025-12-20,samoray737,8,30838
2025-12-20,doniatka,9,29132
2025-12-20,Skoops!,10,28867
2025-12-20,adrian,11,28689
2025-12-20,khang.pham2401,12,28034
2025-12-20,masterv5983,13,26918
2025-12-20,Dillicious,14,25819
2025-12-20,0mexol,15,25465
2025-12-20,Esteban Dorado,16,24460
2025-12-20,juicyteach,17,24382
2025-12-20,Коля Зман,18,23941
2025-12-20,genevrier_ou,19,23824
2025-12-20,JarJar,20,23143
2025-12-20,PandaKitten,21,23136
2025-12-20,blablaji,22,22963
2025-12-20,Zap,23,21843
2025-12-20,hrejarz2,24,21391
2025-12-20,skune,25,21229
2025-12-20,The_Red_715,26,21138
2025-12-20,Xunz,27,20741
2025-12-20,Hirow,28,20390
2025-12-20,Xial,29,18954
2025-12-20,Lovis,30,18892
2025-12-21,Jeeda Sensei,1,37351
2025-12-21,Bidderlyn,2,36515
2025-12-21,Quali,3,33140
2025-12-21,S31gn3ur Chr3t13n,4,32684
2025-12-21,doniatka,5,31720
2025-12-21,camoutbussin,6,31335
2025-12-21,blankE,7,24508
2025-12-21,Коmар,8,23743
2025-12-21,Skoops!,9,23678
2025-12-21,AHoboWithASpork,10,23515
2025-12-21,cpapson2,11,22831
2025-12-21,Young Catweazle,12,21952
2025-12-21,Big Pauly,13,21823
2025-12-21,masterv5983,14,21638
2025-12-21,tsromanow,15,21603
2025-12-21,vicTIM_jr,16,20947
2025-12-21,Xunz,17,20729
2025-12-21,slaaneshtgof,18,20285
2025-12-21,Hailspork,19,19295
2025-12-21,Reynauld,20,19195
2025-12-21,Lovis,21,18665
2025-12-21,SuperSumo_217,22,18604
2025-12-21,Esteban Dorado,23,18439
2025-12-21,Verthris,24,18170
2025-12-21,ankidragon,25,18060
2025-12-21,genevrier_ou,26,17870
2025-12-21,Hfmotta,27,17263
2025-12-21,jjjeffer78,28,17007
2025-12-21,darknuckelavee,29,16761
2025-12-21,(Chatuba)-Mazuru,30,16617
2025-12-22,S31gn3ur Chr3t13n,1,29528
2025-12-22,Bidderlyn,2,28098
2025-12-22,m.melkowski1,3,27223
2025-12-22,Jeeda Sensei,4,25365
2025-12-22,Siker_7,5,24118
2025-12-22,Dreamweaver,6,23795
2025-12-22,Hirow,7,23059
2025-12-22,gitm_4,8,22743
2025-12-22,masterv5983,9,22647
2025-12-22,Quali,10,22310
2025-12-22,khang.pham2401,11,22241
2025-12-22,darknuckelavee,12,21685
2025-12-22,Skoops!,13,21552
2025-12-22,Zap,14,21146
2025-12-22,ciga,15,21081
2025-12-22,Varravann,16,21057
2025-12-22,btroitsk,17,21052
2025-12-22,Коля Зман,18,20864
2025-12-22,Brejan,19,20737
2025-12-22,blankE,20,20234
2025-12-22,Skit,21,20093
2025-12-22,Estolie,22,20026
2025-12-22,Bananahammockjoe,23,20002
2025-12-22,RengarSakMadig,24,19997
2025-12-22,jjjeffer78,25,19200
2025-12-22,genevrier_ou,26,18775
2025-12-22,adrian,27,18552
2025-12-22,luisarlen23,28,18449
2025-12-22,SuperSumo_217,29,17737
2025-12-22,camoutbussin,30,17330
2025-12-23,Blumpo Gripliskin,1,34783
2025-12-23,Bidderlyn,2,33946
2025-12-23,Jeeda Sensei,3,32050
2025-12-23,btroitsk,4,30204
2025-12-23,Quali,5,29357
2025-12-23,luisarlen23,6,29206
2025-12-23,doniatka,7,29105
2025-12-23,S31gn3ur Chr3t13n,8,28479
2025-12-23,Skoops!,9,28227
2025-12-23,DIBRAS,10,28224
2025-12-23,m.melkowski1,11,26987
2025-12-23,Mubirobiro [BR],12,25992
2025-12-23,gitm_4,13,25473
2025-12-23,Esteban Dorado,14,25347
2025-12-23,semperpsychotic,15,25313
2025-12-23,Dangil Sparda,16,25178
2025-12-23,z_iodine,17,24803
2025-12-23,BigOak,18,24513
2025-12-23,slaaneshtgof,19,24113
2025-12-23,Reynauld,20,23217
2025-12-23,Xunz,21,22867
2025-12-23,tsromanow,22,22768
2025-12-23,khang.pham2401,23,22702
2025-12-23,MootDasBoot,24,22635
2025-12-23,Anung Un Rama,25,21887
2025-12-23,unapiece32,26,21859
2025-12-23,milomad,27,21082
2025-12-23,wally_punisher,28,21081
2025-12-23,dangardavid,29,20947
2025-12-23,Lovis,30,20640
2025-12-25,Jeeda Sensei,1,34946
2025-12-25,Bidderlyn,2,31167
2025-12-25,N Prime,3,29733
2025-12-25,m.melkowski1,4,28853
2025-12-25,S31gn3ur Chr3t13n,5,28802
2025-12-25,Skoops!,6,27731
2025-12-25,TheHunter222,7,26666
2025-12-25,gitm_4,8,24996
2025-12-25,Siker_7,9,23837
2025-12-25,ciga,10,22684
2025-12-25,Quali,11,21601
2025-12-25,wsmith,12,20544
2025-12-25,Коля Зман,13,20234
2025-12-25,Osel,14,19953
2025-12-25,0mexol,15,19761
2025-12-25,bullzebub,16,18973
2025-12-25,Esteban Dorado,17,18966
2025-12-25,Hildarkien,18,18724
2025-12-25,rudedawg,19,18168
2025-12-25,jjjeffer78,20,18137
2025-12-25,Lovis,21,17790
2025-12-25,JarJar,22,17460
2025-12-25,Hirow,23,17371
2025-12-25,Hfmotta,24,17183
2025-12-25,tsromanow,25,16789
2025-12-25,khang.pham2401,26,16715
2025-12-25,Grimmjow,27,16714
2025-12-25,Coyface,28,16678
2025-12-25,blankE,29,16458
2025-12-25,Madok,30,16411
2025-12-26,Bidderlyn,1,33995
2025-12-26,Quali,2,33747
2025-12-26,doniatka,3,32002
2025-12-26,N Prime,4,30385
2025-12-26,Jeeda Sensei,5,29460
2025-12-26,S31gn3ur Chr3t13n,6,28262
2025-12-26,khang.pham2401,7,27759
2025-12-26,Mubirobiro [BR],8,27470
2025-12-26,m.melkowski1,9,26256
2025-12-26,Gynkou,10,25757
2025-12-26,Yuri_pvp999,11,25659
2025-12-26,Tiger_Ice,12,24980
2025-12-26,AHoboWithASpork,13,23924
2025-12-26,TTobing,14,23281
2025-12-26,bullzebub,15,21810
2025-12-26,rudedawg,16,21707
2025-12-26,schmendrikson,17,20792
2025-12-26,Xial,18,20118
2025-12-26,0mexol,19,19689
2025-12-26,z_iodine,20,19470
2025-12-26,Lovis,21,19136
2025-12-26,Dreamweaver,22,19060
2025-12-26,Zap,23,18849
2025-12-26,ciga,24,18719
2025-12-26,jjjeffer78,25,17862
2025-12-26,Agent Cody Banks,26,17132
2025-12-26,Selenophile,27,17033
2025-12-26,Popliok_,28,16375
2025-12-26,Coyface,29,15507
2025-12-26,Halswein,30,15079
2025-12-27,S31gn3ur Chr3t13n,1,36653
2025-12-27,Jeeda Sensei,2,33901
2025-12-27,m.melkowski1,3,32523
2025-12-27,Quali,4,31485
2025-12-27,Skoops!,5,31260
2025-12-27,Bidderlyn,6,26694
2025-12-27,Xunz,7,25153
2025-12-27,Thanos,8,23423
2025-12-27,Dreamweaver,9,23046
2025-12-27,blankE,10,22797
2025-12-27,Coyface,11,22599
2025-12-27,Skit,12,21447
2025-12-27,[WGS-B] BK,13,21259
2025-12-27,0mexol,14,20451
2025-12-27,Lovis,15,20092
2025-12-27,MorganMacabre,16,19390
2025-12-27,juicyteach,17,19369
2025-12-27,Hirow,18,19289
2025-12-27,cannedLED,19,18780
2025-12-27,Коля Зман,20,18397
2025-12-27,Grimning,21,18388
2025-12-27,benreichardt,22,17889
2025-12-27,Noiru,23,17456
2025-12-27,Voltrivire,24,17049
2025-12-27,Hfmotta,25,16873
2025-12-27,Mr_Aapies,26,16818
2025-12-27,Selenophile,27,16368
2025-12-27,adrian,28,16243
2025-12-27,mjwb,29,16016
2025-12-27,z_iodine,30,15925
2025-12-28,Bidderlyn,1,35252
2025-12-28,Quali,2,34674
2025-12-28,m.melkowski1,3,33072
2025-12-28,Jeeda Sensei,4,30927
2025-12-28,camoutbussin,5,30759
2025-12-28,bullzebub,6,29770
2025-12-28,Skoops!,7,28148
2025-12-28,S31gn3ur Chr3t13n,8,27097
2025-12-28,Коля Зман,9,26973
2025-12-28,khang.pham2401,10,25560
2025-12-28,Thanos,11,24697
2025-12-28,Xrenoid,12,22149
2025-12-28,Plattinum,13,20892
2025-12-28,doniatka,14,20486
2025-12-28,Conroy Milk,15,20409
2025-12-28,Augustin,16,19879
2025-12-28,Barbaferro,17,19846
2025-12-28,Esteban Dorado,18,19825
2025-12-28,Selenophile,19,19664
2025-12-28,Dreamweaver,20,19593
2025-12-28,Zap,21,19494
2025-12-28,Gilgamesh,22,18885
2025-12-28,BigOak,23,18416
2025-12-28,lostHero0o0o,24,18325
2025-12-28,Lovis,25,17935
2025-12-28,benreichardt,26,17888
2025-12-28,Ronano,27,17848
2025-12-28,Yuri_pvp999,28,17808
2025-12-28,Voltrivire,29,17501
2025-12-28,clarikova,30,17395
2025-12-29,Jeeda Sensei,1,33365
2025-12-29,Skoops!,2,33142
2025-12-29,m.melkowski1,3,32539
2025-12-29,Quali,4,31660
2025-12-29,S31gn3ur Chr3t13n,5,29823
2025-12-29,Dreamweaver,6,29279
2025-12-29,Siker_7,7,27740
2025-12-29,gitm_4,8,27714
2025-12-29,blankE,9,26846
2025-12-29,ciga,10,25962
2025-12-29,vitorluizc.mioni,11,25609
2025-12-29,Conroy Milk,12,25605
2025-12-29,jjjeffer78,13,25592
2025-12-29,rafael.olvb,14,25202
2025-12-29,tsromanow,15,25178
2025-12-29,DIBRAS,16,25120
2025-12-29,Zap,17,24440
2025-12-29,Коля Зман,18,24369
2025-12-29,0mexol,19,23803
2025-12-29,t.lewis140,20,23779
2025-12-29,Kingdedede bobo,21,23367
2025-12-29,khang.pham2401,22,23210
2025-12-29,Gonzalo,23,22815
2025-12-29,[WGS-B] BK,24,21754
2025-12-29,Esteban Dorado,25,21001
2025-12-29,Lovis,26,20719
2025-12-29,Hfmotta,27,20325
2025-12-29,cannedLED,28,19851
2025-12-29,Mr_Aapies,29,19090
2025-12-29,Kola Koala,30,17899
2025-12-30,S31gn3ur Chr3t13n,1,34369
2025-12-30,Mubirobiro [BR],2,32113
2025-12-30,Bidderlyn,3,31771
2025-12-30,Quali,4,30653
2025-12-30,adresmarka,5,30488
2025-12-30,camoutbussin,6,29644
2025-12-30,Skoops!,7,29321
2025-12-30,m.melkowski1,8,28753
2025-12-30,doniatka,9,27806
2025-12-30,ciga,10,27770
2025-12-30,0mexol,11,26261
2025-12-30,Коmар,12,23825
2025-12-30,tsromanow,13,23824
2025-12-30,Reynauld,14,23156
2025-12-30,Conroy Milk,15,22223
2025-12-30,BigOak,16,21622
2025-12-30,hrejarz2,17,20931
2025-12-30,Mrluigi1313,18,20467
2025-12-30,jjjeffer78,19,20190
2025-12-30,augustboyer198,20,19892
2025-12-30,Коля Зман,21,19218
2025-12-30,Grimmjow,22,19179
2025-12-30,benreichardt,23,17794
2025-12-30,IneX,24,17565
2025-12-30,slaaneshtgof,25,15212
2025-12-30,Grimning,26,15199
2025-12-30,Skit,27,15195
2025-12-30,Tom_C109,28,14312
2025-12-30,cannedLED,29,12281
2025-12-30,Psov,30,10154
2025-12-31,Bidderlyn,1,34656
2025-12-31,Jeeda Sensei,2,34359
2025-12-31,Quali,3,33620
2025-12-31,S31gn3ur Chr3t13n,4,29192
2025-12-31,BigOak,5,28945
2025-12-31,luisarlen23,6,28440
2025-12-31,m.melkowski1,7,28206
2025-12-31,Reynauld,8,26444
2025-12-31,DIBRAS,9,25053
2025-12-31,Skoops!,10,24469
2025-12-31,gitm_4,11,23917
2025-12-31,khang.pham2401,12,23352
2025-12-31,ciga,13,22519
2025-12-31,hrejarz2,14,22278
2025-12-31,Hirow,15,22149
2025-12-31,captin1337,16,22036
2025-12-31,Коmар,17,22033
2025-12-31,blankE,18,21792
2025-12-31,Agi,19,21244
2025-12-31,Lovis,20,21160
2025-12-31,Conroy Milk,21,19713
2025-12-31,DavidPrime83,22,19585
2025-12-31,juicyteach,23,19301
2025-12-31,LeadClaymore,24,18996
2025-12-31,Kola Koala,25,18938
2025-12-31,jjjeffer78,26,18353
2025-12-31,MorganMacabre,27,17979
2025-12-31,Grimning,28,17130
2025-12-31,Dreamweaver,29,16973
2025-12-31,benreichardt,30,16912
2026-01-01,N Prime,1,42564
2026-01-01,Bidderlyn,2,40222
2026-01-01,Quali,3,38575
2026-01-01,S31gn3ur Chr3t13n,4,36400
2026-01-01,luisarlen23,5,36188
2026-01-01,Jeeda Sensei,6,35428
2026-01-01,btroitsk,7,34234
2026-01-01,doniatka,8,33109
2026-01-01,Dreamweaver,9,32317
2026-01-01,Xrenoid,10,31599
2026-01-01,Siker_7,11,30643
2026-01-01,tsromanow,12,29852
2026-01-01,Barbaferro,13,29827
2026-01-01,Mascord,14,28891
2026-01-01,Reynauld,15,28554
2026-01-01,masterv5983,16,28071
2026-01-01,augustboyer198,17,27674
2026-01-01,lizardwizard,18,27074
2026-01-01,Frango,19,26975
2026-01-01,t.lewis140,20,26947
2026-01-01,0mexol,21,26866
2026-01-01,AHoboWithASpork,22,26746
2026-01-01,Коля Зман,23,26562
2026-01-01,LeadClaymore,24,26342
2026-01-01,Deumeios,25,26184
2026-01-01,juicyteach,26,25898
2026-01-01,hrejarz2,27,25859
2026-01-01,Коmар,28,25065
2026-01-01,WhiteNorth,29,24674
2026-01-01,iago,30,24388
2026-01-02,Bidderlyn,1,33864
2026-01-02,Jeeda Sensei,2,33278
2026-01-02,camoutbussin,3,31684
2026-01-02,N Prime,4,30945
2026-01-02,S31gn3ur Chr3t13n,5,29686
2026-01-02,Reynauld,6,29499
2026-01-02,Skoops!,7,26703
2026-01-02,Quali,8,26326
2026-01-02,khang.pham2401,9,26254
2026-01-02,tsromanow,10,24767
2026-01-02,Conroy Milk,11,24748
2026-01-02,Коля Зман,12,24145
2026-01-02,ciga,13,23177
2026-01-02,adrian,14,23143
2026-01-02,blankE,15,23103
2026-01-02,JarJar,16,22835
2026-01-02,patrykelektryk,17,22796
2026-01-02,Siker_7,18,22719
2026-01-02,m.melkowski1,19,22707
2026-01-02,Xrenoid,20,22707
2026-01-02,Agi,21,20542
2026-01-02,hrejarz2,22,20360
2026-01-02,Grimning,23,20089
2026-01-02,jjjeffer78,24,20041
2026-01-02,cellsul,25,19823
2026-01-02,ChO,26,19279
2026-01-02,Matu,27,18960
2026-01-02,Hirow,28,18917
2026-01-02,deathsruler,29,18591
2026-01-02,Pask74,30,18501
2026-01-03,Bidderlyn,1,34252
2026-01-03,camoutbussin,2,33523
2026-01-03,N Prime,3,32957
2026-01-03,Odin_Gr,4,29484
2026-01-03,Conroy Milk,5,28316
2026-01-03,Quali,6,28149
2026-01-03,Siker_7,7,26565
2026-01-03,Ljinsta_SKOJ,8,26033
2026-01-03,schmendrikson,9,25628
2026-01-03,khang.pham2401,10,25326
2026-01-03,AHoboWithASpork,11,25069
2026-01-03,Barbatus Lupus Rex,12,24894
2026-01-03,hrejarz2,13,24815
2026-01-03,Jeeda Sensei,14,24615
2026-01-03,masterv5983,15,23898
2026-01-03,juicyteach,16,23522
2026-01-03,ciga,17,23396
2026-01-03,Dangil Sparda,18,23317
2026-01-03,S31gn3ur Chr3t13n,19,23094
2026-01-03,Yuri_pvp999,20,22646
2026-01-03,blankE,21,22496
2026-01-03,Azarex,22,22411
2026-01-03,Zap,23,22178
2026-01-03,Delta.357,24,22155
2026-01-03,Коmар,25,22121
2026-01-03,bullzebub,26,21595
2026-01-03,Lovis,27,20506
2026-01-03,Spartacus,28,20125
2026-01-03,augustboyer198,29,19408
2026-01-03,Grimning,30,18914
2026-01-04,luisarlen23,1,29563
2026-01-04,btroitsk,2,27033
2026-01-04,Bidderlyn,3,26492
2026-01-04,doniatka,4,25957
2026-01-04,Jeeda Sensei,5,24676
2026-01-04,ciga,6,24578
2026-01-04,Zap,7,24044
2026-01-04,S31gn3ur Chr3t13n,8,23902
2026-01-04,Barbaferro,9,23756
2026-01-04,Conroy Milk,10,23609
2026-01-04,Reynauld,11,23366
2026-01-04,Skoops!,12,23155
2026-01-04,cellsul,13,22655
2026-01-04,Quali,14,22314
2026-01-04,WhiteNorth,15,22244
2026-01-04,z_iodine,16,21689
2026-01-04,Коmар,17,21140
2026-01-04,khang.pham2401,18,20408
2026-01-04,Siker_7,19,20351
2026-01-04,Xrenoid,20,19623
2026-01-04,www.jimmyra97,21,19448
2026-01-04,slaaneshtgof,22,18283
2026-01-04,valtry,23,17595
2026-01-04,baba41hz,24,17592
2026-01-04,captin1337,25,16758
2026-01-04,LandoDaMando,26,16667
2026-01-04,Mr_Aapies,27,16366
2026-01-04,Pask74,28,16165
2026-01-04,DavidPrime83,29,15682
2026-01-04,Lovis,30,15600
2026-01-05,Bidderlyn,1,37139
2026-01-05,N Prime,2,29293
2026-01-05,camoutbussin,3,28573
2026-01-05,Skoops!,4,28297
2026-01-05,Jeeda Sensei,5,27759
2026-01-05,Xrenoid,6,27529
2026-01-05,Quali,7,27419
2026-01-05,doniatka,8,25240
2026-01-05,Dreamweaver,9,25136
2026-01-05,btroitsk,10,24997
2026-01-05,Xunz,11,23532
2026-01-05,khang.pham2401,12,23236
2026-01-05,JarJar,13,23129
2026-01-05,z_iodine,14,22836
2026-01-05,ciga,15,22137
2026-01-05,Bananahammockjoe,16,21115
2026-01-05,0mexol,17,20834
2026-01-05,Zap,18,20720
2026-01-05,Frango,19,20603
2026-01-05,Grimmjow,20,20372
2026-01-05,GM DOOM,21,19992
2026-01-05,Barbaferro,22,19225
2026-01-05,Yuhan,23,17949
2026-01-05,Hfmotta,24,17725
2026-01-05,Hirow,25,17434
2026-01-05,Azarex,26,17427
2026-01-05,Coyface,27,16920
2026-01-05,WhiteNorth,28,16907
2026-01-05,Tonini,29,16761
2026-01-05,benreichardt,30,16661
2026-01-06,Bidderlyn,1,33260
2026-01-06,Xrenoid,2,31167
2026-01-06,Quali,3,30888
2026-01-06,Dreamweaver,4,29515
2026-01-06,Jeeda Sensei,5,27228
2026-01-06,yaelsky96,6,26560
2026-01-06,Siker_7,7,25910
2026-01-06,AniBunny,8,25322
2026-01-06,btroitsk,9,23847
2026-01-06,Aracnideo,10,23840
2026-01-06,captin1337,11,23438
2026-01-06,Conroy Milk,12,23318
2026-01-06,Kola Koala,13,22373
2026-01-06,ciga,14,21917
2026-01-06,Ljinsta_SKOJ,15,21908
2026-01-06,Коля Зман,16,21791
2026-01-06,Roob82,17,21782
2026-01-06,Mr_Aapies,18,21633
2026-01-06,z_iodine,19,21524
2026-01-06,(-.-)Zzz,20,21441
2026-01-06,gitm_4,21,20931
2026-01-06,Grimmjow,22,20378
2026-01-06,Halswein,23,20060
2026-01-06,MorganMacabre,24,18962
2026-01-06,khang.pham2401,25,18928
2026-01-06,HZaninelli,26,18862
2026-01-06,Delta.357,27,18829
2026-01-06,Коmар,28,18462
2026-01-06,iago,29,18409
2026-01-06,Grimning,30,18393
2026-01-07,Jeeda Sensei,1,36682
2026-01-07,N Prime,2,31851
2026-01-07,Bidderlyn,3,30795
2026-01-07,Quali,4,30294
2026-01-07,genevrier_ou,5,28577
2026-01-07,Skit,6,28184
2026-01-07,Dreamweaver,7,27783
2026-01-07,Siker_7,8,27042
2026-01-07,jamassie120,9,26136
2026-01-07,Skoops!,10,26023
2026-01-07,Коля Зман,11,25623
2026-01-07,SmallDEnergy,12,25264
2026-01-07,Коmар,13,25142
2026-01-07,Mortis,14,24964
2026-01-07,khang.pham2401,15,24674
2026-01-07,Noiru,16,23982
2026-01-07,AHoboWithASpork,17,23945
2026-01-07,HZaninelli,18,23411
2026-01-07,Frango,19,23095
2026-01-07,Grimning,20,22663
2026-01-07,Roob82,21,22482
2026-01-07,JarJar,22,22328
2026-01-07,Lovis,23,22007
2026-01-07,Yuhan,24,21415
2026-01-07,ciga,25,21331
2026-01-07,Bananahammockjoe,26,21048
2026-01-07,valtry,27,20208
2026-01-07,Polyvios2,28,19766
2026-01-07,tsromanow,29,19666
2026-01-07,woe,30,19373
2026-01-08,Quali,1,31984
2026-01-08,Bidderlyn,2,31674
2026-01-08,Jeeda Sensei,3,31661
2026-01-08,Blumpo Gripliskin,4,31235
2026-01-08,Skit,5,30591
2026-01-08,Xrenoid,6,29373
2026-01-08,Skoops!,7,28668
2026-01-08,btroitsk,8,27986
2026-01-08,deadsanta,9,26247
2026-01-08,ciga,10,25724
2026-01-08,masterv5983,11,25491
2026-01-08,genevrier_ou,12,25027
2026-01-08,Sensei Snoops,13,24491
2026-01-08,Коля Зман,14,24416
2026-01-08,Grimning,15,24099
2026-01-08,JarJar,16,23900
2026-01-08,jamiebagley233,17,23790
2026-01-08,khang.pham2401,18,23743
2026-01-08,Punch WB,19,23437
2026-01-08,Siker_7,20,22939
2026-01-08,jjjeffer78,21,21965
2026-01-08,StefanoTheBrazilian,22,21825
2026-01-08,WeenusMachinus,23,21745
2026-01-08,Frango,24,21620
2026-01-08,TheHunter222,25,21589
2026-01-08,Lovis,26,21446
2026-01-08,slaaneshtgof,27,21218
2026-01-08,cellsul,28,20766
2026-01-08,Bananahammockjoe,29,19727
2026-01-08,JonSlice,30,18928
2026-01-09,Quali,1,35286
2026-01-09,Jeeda Sensei,2,34950
2026-01-09,Dreamweaver,3,33356
2026-01-09,N Prime,4,32355
2026-01-09,Siker_7,5,31058
2026-01-09,Ralf Schumacher,6,30311
2026-01-09,Skit,7,29584
2026-01-09,patrykelektryk,8,27839
2026-01-09,Xrenoid,9,27669
2026-01-09,Skoops!,10,26552
2026-01-09,Lovis,11,26420
2026-01-09,btroitsk,12,25951
2026-01-09,snake vivian,13,25536
2026-01-09,Grimning,14,24846
2026-01-09,Kingdedede bobo,15,24634
2026-01-09,ciga,16,24254
2026-01-09,Коля Зман,17,23953
2026-01-09,cellsul,18,23654
2026-01-09,khang.pham2401,19,23545
2026-01-09,jjjeffer78,20,22865
2026-01-09,JarJar,21,22490
2026-01-09,vyacheslavmurzagulov,22,22475
2026-01-09,hrejarz2,23,22367
2026-01-09,genevrier_ou,24,22081
2026-01-09,thx,25,21974
2026-01-09,Kola Koala,26,21918
2026-01-09,Коmар,27,21110
2026-01-09,Jazzteroid,28,20403
2026-01-09,Hailspork,29,19979
2026-01-09,Delta.357,30,19893
2026-01-10,Bidderlyn,1,34710
2026-01-10,luisarlen23,2,32690
2026-01-10,N Prime,3,30848
2026-01-10,doniatka,4,30398
2026-01-10,Jeeda Sensei,5,29733
2026-01-10,AxelKeyzer,6,29513
2026-01-10,Roob82,7,28838
2026-01-10,Xrenoid,8,28708
2026-01-10,Quali,9,28079
2026-01-10,gitm_4,10,27905
2026-01-10,genevrier_ou,11,27662
2026-01-10,btroitsk,12,27616
2026-01-10,Skit,13,27100
2026-01-10,Delta.357,14,26002
2026-01-10,Siker_7,15,24926
2026-01-10,Dreamweaver,16,23354
2026-01-10,Yuhan,17,23346
2026-01-10,slaaneshtgof,18,23310
2026-01-10,Xunz,19,22709
2026-01-10,Коmар,20,21675
2026-01-10,Lovis,21,21637
2026-01-10,MT6,22,21472
2026-01-10,hrejarz2,23,21428
2026-01-10,ciga,24,21235
2026-01-10,Hirow,25,20525
2026-01-10,Halswein,26,19094
2026-01-10,Hfmotta,27,18461
2026-01-10,Mr_Aapies,28,18123
2026-01-10,Chaz Shep,29,16364
2026-01-10,Grimning,30,15356
2026-01-11,Bidderlyn,1,35917
2026-01-11,N Prime,2,32845
2026-01-11,Jeeda Sensei,3,32098
2026-01-11,Quali,4,31346
2026-01-11,luisarlen23,5,30475
2026-01-11,doniatka,6,29706
2026-01-11,Siker_7,7,27428
2026-01-11,Dreamweaver,8,26976
2026-01-11,Reynauld,9,26609
2026-01-11,Delta.357,10,23890
2026-01-11,schmendrikson,11,21969
2026-01-11,ChO,12,21762
2026-01-11,z_iodine,13,21341
2026-01-11,Conroy Milk,14,21312
2026-01-11,Dangil Sparda,15,21000
2026-01-11,Desto,16,19659
2026-01-11,Xunz,17,19145
2026-01-11,jjjeffer78,18,18911
2026-01-11,The_Red_715,19,17893
2026-01-11,Trillgamesh,20,16601
2026-01-11,windhamat01,21,16326
2026-01-11,benreichardt,22,15710
2026-01-11,Necro,23,15278
2026-01-11,DavidPrime83,24,14891
2026-01-11,Xrenoid,25,14469
2026-01-11,vyacheslavmurzagulov,26,14332
2026-01-11,cannedLED,27,13749
2026-01-11,Kola Koala,28,12041
2026-01-11,slaaneshtgof,29,11912
2026-01-11,Lovis,30,11709
2026-01-12,Jeeda Sensei,1,36866
2026-01-12,Bidderlyn,2,35547
2026-01-12,luisarlen23,3,34164
2026-01-12,S31gn3ur Chr3t13n,4,33945
2026-01-12,Laska,5,33919
2026-01-12,Quali,6,33369
2026-01-12,Siker_7,7,31757
2026-01-12,N Prime,8,31705
2026-01-12,Skoops!,9,31661
2026-01-12,Xrenoid,10,29495
2026-01-12,tsromanow,11,26180
2026-01-12,Skit,12,25879
2026-01-12,Ch1ckenCh0wMe1n,13,25354
2026-01-12,flowerlady32,14,25123
2026-01-12,genevrier_ou,15,24911
2026-01-12,gitm_4,16,24586
2026-01-12,HZaninelli,17,24427
2026-01-12,Frango,18,24161
2026-01-12,schmendrikson,19,23603
2026-01-12,Motorni,20,23554
2026-01-12,juicyteach,21,23428
2026-01-12,blankE,22,23142
2026-01-12,Coyface,23,22328
2026-01-12,Odin_Gr,24,21860
2026-01-12,masterv5983,25,21857
2026-01-12,Xunz,26,21850
2026-01-12,volarion,27,21618
2026-01-12,JarJar,28,21554
2026-01-12,Коmар,29,20650
2026-01-12,ciga,30,20225
2026-01-13,Jhon Whisky,1,38750
2026-01-13,Bidderlyn,2,38648
2026-01-13,N Prime,3,37181
2026-01-13,S31gn3ur Chr3t13n,4,35010
2026-01-13,Siker_7,5,34304
2026-01-13,Xrenoid,6,32299
2026-01-13,Jeeda Sensei,7,31663
2026-01-13,Quali,8,31578
2026-01-13,JarJar,9,30311
2026-01-13,doniatka,10,29503
2026-01-13,blankE,11,29396
2026-01-13,Skit,12,28028
2026-01-13,Conroy Milk,13,27135
2026-01-13,ciga,14,26940
2026-01-13,Xunz,15,24753
2026-01-13,genevrier_ou,16,24516
2026-01-13,schmendrikson,17,24456
2026-01-13,Коmар,18,23673
2026-01-13,Zap,19,23493
2026-01-13,Kola Koala,20,23194
2026-01-13,Dreamweaver,21,22543
2026-01-13,augustboyer198,22,20951
2026-01-13,Ronano,23,20143
2026-01-13,Halswein,24,19531
2026-01-13,Lovis,25,19046
2026-01-13,Guillaumevantil,26,18653
2026-01-13,Trillgamesh,27,16430
2026-01-13,HZaninelli,28,16386
2026-01-13,Hfmotta,29,16084
2026-01-13,DavidPrime83,30,15390
2026-01-14,Bidderlyn,1,32103
2026-01-14,Jeeda Sensei,2,31778
2026-01-14,N Prime,3,27589
2026-01-14,Siker_7,4,25263
2026-01-14,Xrenoid,5,25064
2026-01-14,genevrier_ou,6,25048
2026-01-14,Reynauld,7,24995
2026-01-14,Skoops!,8,24051
2026-01-14,Odin_Gr,9,23619
2026-01-14,Laska,10,23341
2026-01-14,doniatka,11,23308
2026-01-14,Conroy Milk,12,22929
2026-01-14,ciga,13,22481
2026-01-14,camoutbussin,14,22448
2026-01-14,blankE,15,22390
2026-01-14,Dreamweaver,16,22017
2026-01-14,Xunz,17,21727
2026-01-14,gitm_4,18,21602
2026-01-14,tsromanow,19,20328
2026-01-14,Grimning,20,20050
2026-01-14,Hfmotta,21,19494
2026-01-14,Desto,22,19070
2026-01-14,a zephyr,23,19015
2026-01-14,valtry,24,18876
2026-01-14,Kola Koala,25,18050
2026-01-14,d_c101,26,18019
2026-01-14,Pask74,27,17684
2026-01-14,Coyface,28,17097
2026-01-14,Halswein,29,16067
2026-01-14,slaaneshtgof,30,15956
2026-01-15,Jeeda Sensei,1,38751
2026-01-15,Bidderlyn,2,37197
2026-01-15,N Prime,3,37049
2026-01-15,camoutbussin,4,35344
2026-01-15,Quali,5,34661
2026-01-15,Xrenoid,6,31459
2026-01-15,doniatka,7,31110
2026-01-15,Grimning,8,25480
2026-01-15,genevrier_ou,9,25326
2026-01-15,blankE,10,23244
2026-01-15,masterv5983,11,22796
2026-01-15,ciga,12,22793
2026-01-15,Covert Skeleton,13,22135
2026-01-15,Lovis,14,20474
2026-01-15,schmendrikson,15,19663
2026-01-15,Frango,16,19564
2026-01-15,jamiebagley233,17,19086
2026-01-15,Siker_7,18,17920
2026-01-15,Conroy Milk,19,15838
2026-01-15,sahaqiel,20,15406
2026-01-15,HZaninelli,21,15245
2026-01-15,Dreamweaver,22,14954
2026-01-15,cannedLED,23,14108
2026-01-15,Amørphøus Ooze ♥,24,13867
2026-01-15,jjjeffer78,25,13571
2026-01-15,Bananahammockjoe,26,13432
2026-01-15,Pask74,27,13252
2026-01-15,Desto,28,12790
2026-01-15,JarJar,29,12299
2026-01-15,Rafael Veríssimo,30,11481
2026-01-16,N Prime,1,41293
2026-01-16,Bidderlyn,2,41135
2026-01-16,luisarlen23,3,39365
2026-01-16,Quali,4,36098
2026-01-16,Jeeda Sensei,5,35750
2026-01-16,Siker_7,6,35227
2026-01-16,Skoops!,7,33484
2026-01-16,Reynauld,8,31682
2026-01-16,camoutbussin,9,31374
2026-01-16,genevrier_ou,10,30459
2026-01-16,Frango,11,29305
2026-01-16,gitm_4,12,28803
2026-01-16,slaaneshtgof,13,28742
2026-01-16,Dreamweaver,14,27114
2026-01-16,blankE,15,26928
2026-01-16,masterv5983,16,26747
2026-01-16,Varravann,17,25401
2026-01-16,Коmар,18,25172
2026-01-16,JarJar,19,25048
2026-01-16,Lovis,20,24888
2026-01-16,Коля Зман,21,24034
2026-01-16,Conroy Milk,22,23454
2026-01-16,schmendrikson,23,21982
2026-01-16,captin1337,24,21700
2026-01-16,HZaninelli,25,20433
2026-01-16,dropkickdragon87,26,20120
2026-01-16,ciga,27,19822
2026-01-16,Mr_Aapies,28,19532
2026-01-16,WeenusMachinus,29,19012
2026-01-16,Halswein,30,18519
2026-01-17,Bidderlyn,1,37802
2026-01-17,Jeeda Sensei,2,37039
2026-01-17,Siker_7,3,36341
2026-01-17,Skoops!,4,33911
2026-01-17,Quali,5,33144
2026-01-17,S31gn3ur Chr3t13n,6,32167
2026-01-17,ricardo_lbrugnago,7,31816
2026-01-17,Lovis,8,31779
2026-01-17,camoutbussin,9,31204
2026-01-17,Xrenoid,10,29487
2026-01-17,TheHunter222,11,29449
2026-01-17,Dreamweaver,12,26486
2026-01-17,blankE,13,25234
2026-01-17,vyacheslavmurzagulov,14,23698
2026-01-17,Hfmotta,15,22810
2026-01-17,slaaneshtgof,16,22567
2026-01-17,Young Catweazle,17,22475
2026-01-17,valtry,18,22356
2026-01-17,genevrier_ou,19,21861
2026-01-17,BTsin,20,20718
2026-01-17,DavidPrime83,21,20686
2026-01-17,Коля Зман,22,20585
2026-01-17,watsabutt4,23,20541
2026-01-17,SnowRose,24,20076
2026-01-17,Kingdedede bobo,25,20007
2026-01-17,Mr_Aapies,26,19987
2026-01-17,ciga,27,19906
2026-01-17,Grimning,28,19595
2026-01-17,TheChalupacabra,29,19265
2026-01-17,Frango,30,19037
2026-01-18,Bidderlyn,1,32834
2026-01-18,camoutbussin,2,29995
2026-01-18,N Prime,3,29782
2026-01-18,Quali,4,26655
2026-01-18,luisarlen23,5,26600
2026-01-18,S31gn3ur Chr3t13n,6,26240
2026-01-18,Skoops!,7,26040
2026-01-18,genevrier_ou,8,24955
2026-01-18,Dreamweaver,9,23836
2026-01-18,ciga,10,23102
2026-01-18,Grimning,11,22761
2026-01-18,iago,12,22420
2026-01-18,Kola Koala,13,22340
2026-01-18,masterv5983,14,21869
2026-01-18,SDubya,15,21776
2026-01-18,valtry,16,19903
2026-01-18,Skit,17,19897
2026-01-18,Ch1ckenCh0wMe1n,18,19619
2026-01-18,Coyface,19,18820
2026-01-18,rafael.olvb,20,18357
2026-01-18,blankE,21,17077
2026-01-18,augustboyer198,22,15538
2026-01-18,Halswein,23,14974
2026-01-18,Hfmotta,24,14974
2026-01-18,sahaqiel,25,14514
2026-01-18,jjjeffer78,26,14157
2026-01-18,jamiebagley233,27,13158
2026-01-18,Jeeda Sensei,28,11813
2026-01-18,Bananahammockjoe,29,11018
2026-01-18,LaughingSamurai,30,10959
2026-01-19,Bidderlyn,1,37634
2026-01-19,Jeeda Sensei,2,35313
2026-01-19,N Prime,3,34159
2026-01-19,Skoops!,4,32082
2026-01-19,Siker_7,5,31325
2026-01-19,Quali,6,29549
2026-01-19,S31gn3ur Chr3t13n,7,28621
2026-01-19,Xrenoid,8,27919
2026-01-19,fmc91,9,27469
2026-01-19,genevrier_ou,10,26315
2026-01-19,doniatka,11,24887
2026-01-19,Conroy Milk,12,24409
2026-01-19,Lovis,13,23364
2026-01-19,flowerlady32,14,22631
2026-01-19,WhiteNorth,15,22397
2026-01-19,Laristin,16,22207
2026-01-19,simon.fuentes,17,21125
2026-01-19,masterv5983,18,20100
2026-01-19,ciga,19,20020
2026-01-19,Hfmotta,20,19488
2026-01-19,slaaneshtgof,21,19150
2026-01-19,Grimning,22,18430
2026-01-19,SnowRose,23,17969
2026-01-19,jjjeffer78,24,17716
2026-01-19,Pask74,25,16946
2026-01-19,benreichardt,26,16411
2026-01-19,hubby26,27,15851
2026-01-19,Reynauld,28,15483
2026-01-19,Mr_Aapies,29,13972
2026-01-19,Varravann,30,13814
2026-01-20,Bidderlyn,1,39202
2026-01-20,N Prime,2,38477
2026-01-20,Jeeda Sensei,3,36712
2026-01-20,camoutbussin,4,34752
2026-01-20,ciga,5,33096
2026-01-20,Siker_7,6,31516
2026-01-20,maximeeepje,7,30454
2026-01-20,Skoops!,8,29813
2026-01-20,Quali,9,29163
2026-01-20,blankE,10,28101
2026-01-20,masterv5983,11,26847
2026-01-20,Dreamweaver,12,25220
2026-01-20,schmendrikson,13,25057
2026-01-20,Odin_Gr,14,24923
2026-01-20,Donalgo,15,24498
2026-01-20,Delta.357,16,23455
2026-01-20,dropkickdragon87,17,23328
2026-01-20,Kheandre,18,22956
2026-01-20,Pask74,19,22710
2026-01-20,WhiteNorth,20,22548
2026-01-20,SnowRose,21,22066
2026-01-20,Frango,22,21370
2026-01-20,tsromanow,23,21226
2026-01-20,Rafael Veríssimo,24,21176
2026-01-20,WilloDM,25,20870
2026-01-20,hrejarz2,26,20656
2026-01-20,Grimning,27,20495
2026-01-20,HZaninelli,28,19760
2026-01-20,Biru,29,19757
2026-01-20,flowerlady32,30,18985
2026-01-21,Bidderlyn,1,32706
2026-01-21,Jeeda Sensei,2,31949
2026-01-21,Quali,3,31052
2026-01-21,Lovis,4,27138
2026-01-21,TheHunter222,5,27034
2026-01-21,Xrenoid,6,26706
2026-01-21,Blumpo Gripliskin,7,26663
2026-01-21,yaelsky96,8,26146
2026-01-21,maximeeepje,9,25898
2026-01-21,Siker_7,10,25864
2026-01-21,ciga,11,25572
2026-01-21,fmc91,12,24965
2026-01-21,S31gn3ur Chr3t13n,13,24846
2026-01-21,Frango,14,24510
2026-01-21,Sif The Great Wolf,15,24204
2026-01-21,Kingdedede bobo,16,24204
2026-01-21,khang.pham2401,17,23957
2026-01-21,schmendrikson,18,23787
2026-01-21,Biru,19,23669
2026-01-21,masterv5983,20,23586
2026-01-21,KLAX,21,23468
2026-01-21,Dreamweaver,22,23075
2026-01-21,Varravann,23,22122
2026-01-21,cannedLED,24,21935
2026-01-21,Dedo17_,25,21745
2026-01-21,tsromanow,26,21386
2026-01-21,Pask74,27,21087
2026-01-21,Azarex,28,20965
2026-01-21,Halswein,29,20858
2026-01-21,Mr_Aapies,30,20390
2026-01-22,Bidderlyn,1,33744
2026-01-22,Quali,2,30114
2026-01-22,camoutbussin,3,29608
2026-01-22,Jeeda Sensei,4,29011
2026-01-22,Siker_7,5,28512
2026-01-22,luisarlen23,6,27416
2026-01-22,Blumpo Gripliskin,7,26454
2026-01-22,Skoops!,8,26055
2026-01-22,Frango,9,25922
2026-01-22,Dreamweaver,10,25127
2026-01-22,TheHunter222,11,24799
2026-01-22,tsromanow,12,24451
2026-01-22,TheDimedroll,13,24187
2026-01-22,Hirow,14,24118
2026-01-22,blankE,15,23780
2026-01-22,genevrier_ou,16,23269
2026-01-22,Bananahammockjoe,17,22939
2026-01-22,(-.-)Zzz,18,22894
2026-01-22,Ento,19,22865
2026-01-22,fmc91,20,22578
2026-01-22,Lovis,21,22296
2026-01-22,schmendrikson,22,22130
2026-01-22,JarJar,23,21709
2026-01-22,maximeeepje,24,21707
2026-01-22,Mr_Aapies,25,21418
2026-01-22,WhiteNorth,26,20917
2026-01-22,hrejarz2,27,20849
2026-01-22,ciga,28,20497
2026-01-22,Grimning,29,20336
2026-01-22,Conroy Milk,30,20114
2026-01-23,Bidderlyn,1,38737
2026-01-23,Xrenoid,2,36749
2026-01-23,Jeeda Sensei,3,34945
2026-01-23,S31gn3ur Chr3t13n,4,34497
2026-01-23,Reynauld,5,30161
2026-01-23,Blumpo Gripliskin,6,28369
2026-01-23,Quali,7,28110
2026-01-23,Dreamweaver,8,27952
2026-01-23,Grimning,9,27361
2026-01-23,Коmар,10,26132
2026-01-23,Conroy Milk,11,25960
2026-01-23,genevrier_ou,12,24808
2026-01-23,Hirow,13,24185
2026-01-23,Mr_Aapies,14,24051
2026-01-23,ciga,15,23953
2026-01-23,Frango,16,22342
2026-01-23,nosky,17,15678
2026-01-23,HZaninelli,18,12212
2026-01-23,tsromanow,19,10770
2026-01-23,blankE,20,10514
2026-01-23,jamassie120,21,10058
2026-01-23,jamiebagley233,22,9009
2026-01-23,captin1337,23,8795
2026-01-23,JarJar,24,8776
2026-01-23,GHMZ,25,8417
2026-01-23,DoubleZero,26,7747
2026-01-23,Skit,27,7573
2026-01-23,Casius06,28,7228
2026-01-23,Delta.357,29,6429
2026-01-23,Hfmotta,30,6293
2026-01-24,N Prime,1,36941
2026-01-24,Jeeda Sensei,2,35423
2026-01-24,Bidderlyn,3,33061
2026-01-24,Siker_7,4,31168
2026-01-24,Xrenoid,5,30426
2026-01-24,S31gn3ur Chr3t13n,6,30280
2026-01-24,Dreamweaver,7,29355
2026-01-24,Skit,8,27749
2026-01-24,Коmар,9,27639
2026-01-24,Conroy Milk,10,27272
2026-01-24,Quali,11,27099
2026-01-24,JarJar,12,27057
2026-01-24,Noiru,13,26375
2026-01-24,jjjeffer78,14,26253
2026-01-24,ciga,15,25586
2026-01-24,btroitsk,16,25347
2026-01-24,Skoops!,17,25344
2026-01-24,tsromanow,18,25334
2026-01-24,Lovis,19,25231
2026-01-24,luisarlen23,20,24977
2026-01-24,LaughingSamurai,21,24543
2026-01-24,fmc91,22,23544
2026-01-24,WhiteNorth,23,23128
2026-01-24,benreichardt,24,22881
2026-01-24,valtry,25,22392
2026-01-24,Hfmotta,26,22380
2026-01-24,ArchDuke,27,22363
2026-01-24,Hirow,28,22341
2026-01-24,Frango,29,21752
2026-01-24,HZaninelli,30,21731
2026-01-25,Bidderlyn,1,39817
2026-01-25,camoutbussin,2,38002
2026-01-25,Skoops!,3,35823
2026-01-25,Jeeda Sensei,4,35409
2026-01-25,luisarlen23,5,31839
2026-01-25,S31gn3ur Chr3t13n,6,30729
2026-01-25,Conroy Milk,7,28214
2026-01-25,Frango,8,28188
2026-01-25,hubby26,9,26101
2026-01-25,yaelsky96,10,25736
2026-01-25,Quali,11,25322
2026-01-25,nosky,12,25032
2026-01-25,Xial,13,23599
2026-01-25,JarJar,14,22255
2026-01-25,iago,15,20622
2026-01-25,Коmар,16,20257
2026-01-25,Mr.Schneid3r,17,20008
2026-01-25,SnowRose,18,19676
2026-01-25,masterv5983,19,19591
2026-01-25,genevrier_ou,20,18690
2026-01-25,Grimning,21,17301
2026-01-25,Varravann,22,17135
2026-01-25,Zakath,23,16996
2026-01-25,Siker_7,24,16958
2026-01-25,hrejarz2,25,16538
2026-01-25,jjjeffer78,26,16394
2026-01-25,Hfmotta,27,16270
2026-01-25,fmc91,28,16226
2026-01-25,Skit,29,15828
2026-01-25,Hirow,30,15181
2026-01-26,Jeeda Sensei,1,40437
2026-01-26,Siker_7,2,37276
2026-01-26,Xrenoid,3,36548
2026-01-26,Bidderlyn,4,36370
2026-01-26,Skoops!,5,31105
2026-01-26,S31gn3ur Chr3t13n,6,30780
2026-01-26,Feline,7,30191
2026-01-26,yaelsky96,8,30097
2026-01-26,Grimning,9,29373
2026-01-26,Quali,10,29281
2026-01-26,Frango,11,28765
2026-01-26,Conroy Milk,12,28624
2026-01-26,Коля Зман,13,27367
2026-01-26,Varravann,14,27243
2026-01-26,JarJar,15,27050
2026-01-26,benreichardt,16,25039
2026-01-26,Skit,17,24432
2026-01-26,potis,18,22698
2026-01-26,Halswein,19,22575
2026-01-26,GuuhKing,20,22024
2026-01-26,Hfmotta,21,20132
2026-01-26,Executie1031,22,20095
2026-01-26,SuperSumo_217,23,19863
2026-01-26,augustboyer198,24,19285
2026-01-26,jamiebagley233,25,19030
2026-01-26,Reynauld,26,18394
2026-01-26,Booorman,27,18089
2026-01-26,TheHunter222,28,18035
2026-01-26,HZaninelli,29,17722
2026-01-26,Dinfael,30,16612
2026-01-27,Bidderlyn,1,35557
2026-01-27,Jeeda Sensei,2,33146
2026-01-27,Quali,3,31813
2026-01-27,luisarlen23,4,31057
2026-01-27,Siker_7,5,30627
2026-01-27,Skoops!,6,30330
2026-01-27,fmc91,7,29799
2026-01-27,Reynauld,8,28957
2026-01-27,yaelsky96,9,28925
2026-01-27,Skit,10,25777
2026-01-27,Dreamweaver,11,25722
2026-01-27,hrejarz2,12,24545
2026-01-27,GM DOOM,13,24389
2026-01-27,S31gn3ur Chr3t13n,14,24167
2026-01-27,Hirow,15,22124
2026-01-27,Jazzteroid,16,21984
2026-01-27,WhiteNorth,17,21599
2026-01-27,valtry,18,21196
2026-01-27,schmendrikson,19,21132
2026-01-27,Mr_Aapies,20,20205
2026-01-27,DavidPrime83,21,19642
2026-01-27,BTsin,22,18265
2026-01-27,emanuelcrx,23,16866
2026-01-27,Xunz,24,15062
2026-01-27,genevrier_ou,25,14948
2026-01-27,Dinfael,26,14016
2026-01-27,Frango,27,13606
2026-01-27,VioletSeraph,28,13077
2026-01-27,dead_bob,29,13071
2026-01-27,Draghmar 🐲,30,12060
2026-01-28,camoutbussin,1,34397
2026-01-28,S31gn3ur Chr3t13n,2,32030
2026-01-28,luisarlen23,3,30666
2026-01-28,Quali,4,30579
2026-01-28,Jeeda Sensei,5,30345
2026-01-28,Skoops!,6,29918
2026-01-28,Siker_7,7,29430
2026-01-28,Frango,8,28246
2026-01-28,Xrenoid,9,28122
2026-01-28,Conroy Milk,10,27318
2026-01-28,tsromanow,11,26697
2026-01-28,Skit,12,26480
2026-01-28,genevrier_ou,13,26449
2026-01-28,potis,14,26302
2026-01-28,flowerlady32,15,26126
2026-01-28,fmc91,16,25733
2026-01-28,Mr_Aapies,17,25048
2026-01-28,Dinfael,18,24868
2026-01-28,Pask74,19,24567
2026-01-28,Dreamweaver,20,23958
2026-01-28,Xunz,21,23685
2026-01-28,Grimning,22,23308
2026-01-28,Draghmar 🐲,23,22912
2026-01-28,schmendrikson,24,22129
2026-01-28,Wot Da Dawg Doin?,25,21732
2026-01-28,Von_Speyr,26,21342
2026-01-28,blankE,27,21078
2026-01-28,ciga,28,18803
2026-01-28,Jazzteroid,29,16333
2026-01-28,benreichardt,30,15893
2026-01-29,Jeeda Sensei,1,39112
2026-01-29,Skoops!,2,37129
2026-01-29,yaelsky96,3,35328
2026-01-29,S31gn3ur Chr3t13n,4,31409
2026-01-29,Quali,5,30432
2026-01-29,Siker_7,6,30310
2026-01-29,Skit,7,29266
2026-01-29,Mr_Aapies,8,28782
2026-01-29,Dreamweaver,9,27313
2026-01-29,Booorman,10,24964
2026-01-29,genevrier_ou,11,24472
2026-01-29,Lovis,12,24362
2026-01-29,JarJar,13,23598
2026-01-29,blankE,14,23408
2026-01-29,Grimning,15,22742
2026-01-29,Jells,16,22498
2026-01-29,flowerlady32,17,22160
2026-01-29,Conroy Milk,18,22098
2026-01-29,jamassie120,19,21166
2026-01-29,Varravann,20,20598
2026-01-29,valtry,21,19932
2026-01-29,MoruDragon,22,18366
2026-01-29,jjjeffer78,23,18341
2026-01-29,alexander2x,24,17265
2026-01-29,Gonzalo,25,16836
2026-01-29,datpleb,26,15817
2026-01-29,donniegreco,27,15477
2026-01-29,Jazzteroid,28,15129
2026-01-29,Coyface,29,12952
2026-01-29,dead_bob,30,12420
2026-01-30,Quali,1,35267
2026-01-30,S31gn3ur Chr3t13n,2,34575
2026-01-30,Jeeda Sensei,3,33020
2026-01-30,Skoops!,4,31921
2026-01-30,Conroy Milk,5,30072
2026-01-30,Dreamweaver,6,29567
2026-01-30,flowerlady32,7,28126
2026-01-30,Madnukin,8,26986
2026-01-30,Dinfael,9,25005
2026-01-30,schmendrikson,10,24849
2026-01-30,Seu Luis,11,23065
2026-01-30,masterv5983,12,22330
2026-01-30,blankE,13,22087
2026-01-30,hrejarz2,14,22086
2026-01-30,Miroko,15,20979
2026-01-30,Fullnic,16,20707
2026-01-30,Grimning,17,20579
2026-01-30,valtry,18,19238
2026-01-30,camoutbussin,19,19215
2026-01-30,Draghmar 🐲,20,18856
2026-01-30,jjjeffer78,21,18840
2026-01-30,Mr_Aapies,22,17823
2026-01-30,Coyface,23,17823
2026-01-30,DasWunderVonBernd,24,17624
2026-01-30,Коmар,25,17604
2026-01-30,Dedo17_,26,17088
2026-01-30,dead_bob,27,16547
2026-01-30,Halswein,28,16248
2026-01-30,Stinky Brie,29,16070
2026-01-30,Lovis,30,16067
