rank,player_name,rating,games_played,confidence,last_seen
1,soc.from.ub.kodao,2663.49,63,1.0,2025-11-08
2,Zu,2645.66,46,1.0,2025-11-08
3,Blumpo Gripliskin,2641.77,55,1.0,2025-10-26
4,N Prime,2638.93,64,1.0,2025-11-08
5,Mubirobiro [BR],2588.17,42,1.0,2025-10-28
6,Xrenoid,2514.09,59,1.0,2025-11-01
7,Miroko,2469.42,17,0.57,2025-10-14
8,Quali,2453.76,83,1.0,2025-11-09
9,Bidderlyn,2449.26,62,1.0,2025-10-28
10,maximeeepje,2447.33,38,1.0,2025-10-19
11,Rubens,2425.35,48,1.0,2025-11-09
12,btroitsk,2367.59,63,1.0,2025-11-07
13,Madnukin,2349.75,18,0.6,2025-08-17
14,Áæ§ÂÇªÊê¨Ë±°Sesquipedalianism,2284.2,7,0.23,2025-08-13
15,Dreamweaver,2249.74,30,1.0,2025-11-09
16,S31gn3ur Chr3t13n,2237.42,72,1.0,2025-11-09
17,camoutbussin,2220.82,12,0.4,2025-11-07
18,kaltepfote,2072.75,32,1.0,2025-10-19
19,alexbali255,2070.49,14,0.47,2025-08-30
20,Rosewood,2067.72,48,1.0,2025-10-08
21,Dopamine,2020.2,9,0.3,2025-08-16
22,Hakon,1993.44,14,0.47,2025-09-11
23,ClownAunt,1992.74,5,0.17,2025-08-01
24,Ghost,1951.31,59,1.0,2025-10-19
25,orangeorchad,1941.89,4,0.13,2025-07-29
26,StoryEdge,1915.06,2,0.07,2025-08-05
27,Ernesto Quesidala Bombo,1909.7,4,0.13,2025-08-05
28,einarrahyem,1899.58,1,0.03,2025-07-30
29,KlavierAchse,1895.73,1,0.03,2025-07-28
30,Trogdor - The Burninator,1867.24,1,0.03,2025-07-23
31,ZasZ234,1864.5,1,0.03,2025-08-01
32,Nerro,1859.42,1,0.03,2025-08-03
33,User,1857.72,1,0.03,2025-07-26
34,Thordendal,1857.32,1,0.03,2025-10-01
35,Apxangel,1857.2,1,0.03,2025-07-28
36,MindsEye,1855.85,4,0.13,2025-08-04
37,Covert Skeleton,1844.12,49,1.0,2025-11-08
38,Mrponyguy22,1828.84,1,0.03,2025-07-26
39,Little piece of,1825.49,1,0.03,2025-10-12
40,BattleOfWits,1825.45,1,0.03,2025-08-11
41,Madok,1825.16,9,0.3,2025-11-08
42,Kozlak,1821.39,35,1.0,2025-10-09
43,shikanopi,1821.05,1,0.03,2025-08-09
44,StrangeShrimp,1820.37,2,0.07,2025-07-25
45,‰∏çË¶ÅÊùÄÊµ∑Ë±π,1816.53,1,0.03,2025-08-16
46,llstevens86,1815.62,1,0.03,2025-07-24
47,ARMADA,1813.44,4,0.13,2025-08-10
48,Skinofgods,1812.78,1,0.03,2025-07-28
49,Souzam,1812.51,2,0.07,2025-07-28
50,Cyberstein2077,1799.76,1,0.03,2025-07-26
51,JT Sunwalker,1796.06,1,0.03,2025-07-31
52,[FUR]‰∏ÄÂè™Êûú‰ªÅÂñµ,1795.62,1,0.03,2025-08-26
53,Devily,1793.84,3,0.1,2025-08-27
54,axeman6199,1790.55,1,0.03,2025-11-09
55,bullzebub,1789.38,9,0.3,2025-11-07
56,ivanmarsiy,1786.4,2,0.07,2025-08-28
57,LongtimeBrute,1782.86,1,0.03,2025-08-15
58,Digo_Peruü¶Éü¶É,1781.04,1,0.03,2025-08-13
59,Ongon,1778.65,1,0.03,2025-10-03
60,Ezamaru,1771.83,1,0.03,2025-09-26
61,Primo Tinhoso,1771.05,1,0.03,2025-08-26
62,Empty Inside,1769.24,3,0.1,2025-09-27
63,oofisthememe47,1763.61,1,0.03,2025-07-30
64,Êô∫Èöú‰∏çÂàÜÂúãÁ±ç,1760.8,8,0.27,2025-08-08
65,Siker_7,1755.48,2,0.07,2025-10-23
66,Ekkon,1752.94,1,0.03,2025-08-12
67,fum,1752.65,1,0.03,2025-09-25
68,selbyliu,1752.12,1,0.03,2025-08-06
69,Sigmar Male,1748.68,7,0.23,2025-10-29
70,kluseczki,1746.48,2,0.07,2025-07-26
71,Odin_Gr,1745.83,3,0.1,2025-11-09
72,admiral_hackbar,1742.19,1,0.03,2025-10-29
73,Alvarin,1739.78,63,1.0,2025-11-08
74,The_Red_715,1737.61,13,0.43,2025-10-20
75,jamzilla.t,1735.05,2,0.07,2025-07-28
76,CORREO,1732.76,1,0.03,2025-10-07
77,Sleepy ;-;,1730.36,1,0.03,2025-08-24
78,Am0n-Ra,1723.89,1,0.03,2025-07-23
79,twitch.tv/BruceUnderRock,1719.36,1,0.03,2025-10-25
80,Disciple of Rot,1719.24,1,0.03,2025-10-18
81,austin_midd,1712.76,1,0.03,2025-09-27
82,RicoLoco52,1709.41,3,0.1,2025-11-07
83,elmrealm,1706.71,34,1.0,2025-11-08
84,IndieLoupe.com,1705.58,5,0.17,2025-10-28
85,SaibaPanku,1704.9,1,0.03,2025-10-10
86,szekely.gyorgyb52,1704.52,1,0.03,2025-11-03
87,Spirit,1700.32,6,0.2,2025-10-08
88,AdrianTheMiguel,1698.87,1,0.03,2025-10-02
89,Roob82,1698.72,2,0.07,2025-10-25
90,ralfantoine0017,1697.51,1,0.03,2025-08-02
91,Houseb,1697.11,3,0.1,2025-07-30
92,jmatuszek,1690.87,1,0.03,2025-10-10
93,BlackAtlas,1689.05,1,0.03,2025-09-22
94,Fr@nkenh0lz,1688.06,2,0.07,2025-08-18
95,Das Vieh,1686.04,1,0.03,2025-07-24
96,nico-hobbit,1685.75,1,0.03,2025-09-27
97,P33peePOTTER,1685.19,4,0.13,2025-08-28
98,beebo,1684.42,1,0.03,2025-08-06
99,TheDimOne,1680.93,4,0.13,2025-10-21
100,Sboro,1680.18,1,0.03,2025-10-03
101,darknuckelavee,1679.76,4,0.13,2025-08-07
102,PixeledPink,1673.93,1,0.03,2025-10-18
103,Chill,1672.96,1,0.03,2025-07-29
104,Chaobacca,1672.16,1,0.03,2025-09-22
105,NakedKnives,1669.67,1,0.03,2025-10-16
106,macfield,1667.28,1,0.03,2025-10-11
107,mfloresgalindo,1665.17,1,0.03,2025-10-17
108,kenouki,1663.24,1,0.03,2025-07-30
109,Skoops!,1662.7,28,0.93,2025-09-08
110,Motorni,1660.53,2,0.07,2025-09-15
111,Bowz3r,1659.58,1,0.03,2025-07-23
112,hzp123,1658.43,1,0.03,2025-07-29
113,Lololol_35,1657.23,2,0.07,2025-07-27
114,Mojo.Jojo,1647.42,1,0.03,2025-10-29
115,Fakin Cruas√°n,1645.65,1,0.03,2025-08-18
116,Nigward,1645.11,1,0.03,2025-11-07
117,Tak,1643.43,1,0.03,2025-10-25
118,DelinquentGhost,1642.76,1,0.03,2025-07-23
119,grimmfeed,1642.21,2,0.07,2025-08-08
120,st4rcrossedpainters,1641.64,1,0.03,2025-07-26
121,Aidoneus,1640.12,1,0.03,2025-08-07
122,Styrkar,1639.65,1,0.03,2025-09-22
123,Ramalian,1635.27,1,0.03,2025-07-27
124,ÊÅ∂ÂäøÂäõ‰øÆÊ≠£Ê∂≤,1634.04,1,0.03,2025-07-31
125,Misiu,1632.81,2,0.07,2025-08-04
126,Mamalitaoh,1632.21,1,0.03,2025-08-13
127,Wolf of Dresden,1628.92,1,0.03,2025-10-25
128,Dead3y3,1628.56,1,0.03,2025-08-08
129,King-Otter,1628.28,1,0.03,2025-10-16
130,MilchReis,1626.9,1,0.03,2025-08-16
131,Yolo from the Swagland,1625.49,1,0.03,2025-07-29
132,sophist,1624.58,1,0.03,2025-08-07
133,I'm Bad,1621.79,1,0.03,2025-09-27
134,Seer,1618.65,1,0.03,2025-07-30
135,TundraTyp,1613.92,1,0.03,2025-08-09
136,icarus.word,1612.62,1,0.03,2025-11-09
137,The One,1611.82,1,0.03,2025-11-07
138,BlackDragon457,1611.1,3,0.1,2025-08-31
139,Se–Øg√ÆœÉ,1610.71,1,0.03,2025-07-23
140,Zap,1610.27,16,0.53,2025-11-09
141,Toman804,1609.96,7,0.23,2025-10-11
142,ObeseLee,1609.01,1,0.03,2025-07-24
143,milomad,1608.7,1,0.03,2025-08-17
144,ÁÜôÊîòcau,1607.39,1,0.03,2025-08-08
145,Abigor222,1603.39,1,0.03,2025-07-25
146,MT6,1602.54,2,0.07,2025-08-06
147,hallas,1602.19,1,0.03,2025-10-20
148,Averillism,1601.61,1,0.03,2025-11-06
149,Dr Dev,1601.27,1,0.03,2025-10-03
150,shika,1600.95,2,0.07,2025-08-11
151,KingofRedLions,1600.82,1,0.03,2025-10-18
152,coolfry,1600.49,1,0.03,2025-08-02
153,El Tigre,1599.6,2,0.07,2025-09-02
154,PrimeHunter,1599.26,4,0.13,2025-07-30
155,necrocloudchan,1597.51,1,0.03,2025-08-25
156,TheKoolestAid,1596.34,1,0.03,2025-10-08
157,Void,1595.89,2,0.07,2025-10-08
158,Mr. T,1593.87,1,0.03,2025-09-27
159,GreyGuide,1592.91,1,0.03,2025-07-24
160,Cyantics,1590.75,1,0.03,2025-08-04
161,Scary Monster,1588.5,1,0.03,2025-10-01
162,bucetao666,1588.19,1,0.03,2025-10-11
163,o_cRaM,1587.72,1,0.03,2025-08-12
164,Nixtyo,1586.46,1,0.03,2025-11-09
165,Miawouf,1586.23,1,0.03,2025-09-06
166,Resident Dodo,1586.06,1,0.03,2025-10-09
167,rougesforhire,1585.82,1,0.03,2025-08-02
168,TastySandwich,1585.22,1,0.03,2025-10-19
169,Wyit,1580.29,3,0.1,2025-09-01
170,All the Good Names Are Taken,1579.9,7,0.23,2025-08-23
171,SilverEyes,1579.6,1,0.03,2025-09-25
172,Galan,1579.44,1,0.03,2025-09-27
173,Flyintofu,1579.16,1,0.03,2025-07-23
174,AsheArala,1577.2,1,0.03,2025-10-25
175,mATT,1576.34,1,0.03,2025-10-17
176,kn0ck0ut,1576.2,1,0.03,2025-08-03
177,3464770371,1574.71,1,0.03,2025-08-06
178,initsuj,1573.13,1,0.03,2025-10-02
179,Cepterro,1572.68,1,0.03,2025-09-26
180,Necem,1572.33,1,0.03,2025-09-22
181,towardsvinland,1570.74,1,0.03,2025-08-10
182,dead_bob,1569.6,1,0.03,2025-07-26
183,Jacob Helldiver,1567.29,1,0.03,2025-10-22
184,Evolution,1566.68,1,0.03,2025-09-04
185,Aesthetic Lemon,1565.34,1,0.03,2025-08-23
186,Ludus,1564.04,2,0.07,2025-08-22
187,PandaKitten,1563.55,1,0.03,2025-10-04
188,Haffey,1562.78,19,0.63,2025-11-08
189,dapperrogue,1561.14,1,0.03,2025-07-27
190,KeDi,1560.75,1,0.03,2025-09-24
191,TheTyrWarrior,1559.69,2,0.07,2025-08-16
192,BoneCountess,1558.65,1,0.03,2025-07-24
193,Th0r14n,1558.37,1,0.03,2025-09-26
194,SKELETON GUY!!!!!,1557.79,1,0.03,2025-10-15
195,Kazed,1557.26,1,0.03,2025-10-20
196,tom.hopkin,1555.19,4,0.13,2025-10-26
197,Black-angel972,1553.8,1,0.03,2025-10-25
198,Bank,1552.62,1,0.03,2025-10-22
199,hell,1552.15,1,0.03,2025-11-07
200,Bananahammockjoe,1551.65,1,0.03,2025-11-06
201,Aornis_styx,1551.15,1,0.03,2025-11-03
202,Jakalo,1550.98,1,0.03,2025-09-25
203,Á¨¶Âè∑,1550.94,1,0.03,2025-09-16
204,Iwantaname,1550.93,1,0.03,2025-10-19
205,Xanadu,1550.36,1,0.03,2025-10-01
206,B2M,1550.3,1,0.03,2025-07-26
207,Arakjin,1550.25,1,0.03,2025-08-14
208,838122597,1549.77,1,0.03,2025-07-25
209,jamesgriffiths,1546.66,3,0.1,2025-08-01
210,juicyteach,1546.44,3,0.1,2025-11-09
211,Êú¨Â≠ê‰∏∂Êú¨Â≠ê,1545.24,1,0.03,2025-08-27
212,Don.Pedr0 Teach me English Pls,1543.39,9,0.3,2025-08-14
213,Zthulu,1542.67,1,0.03,2025-10-20
214,Crisp_Wisp,1540.72,1,0.03,2025-11-05
215,MythalJedi,1540.69,8,0.27,2025-11-06
216,linniepinnie,1540.13,2,0.07,2025-08-03
217,superspazmataz,1538.61,11,0.37,2025-10-24
218,otterwolfy,1538.5,1,0.03,2025-10-15
219,Raymond,1538.18,1,0.03,2025-07-29
220,cellsul,1537.47,1,0.03,2025-10-23
221,schnitzelrgood,1535.88,1,0.03,2025-07-23
222,Anti,1535.22,1,0.03,2025-09-08
223,aMunoz,1534.95,1,0.03,2025-08-14
224,Harold,1533.83,1,0.03,2025-09-23
225,FallenCappy,1531.74,1,0.03,2025-10-28
226,augustboyer198,1531.06,6,0.2,2025-11-08
227,Lethys,1530.17,1,0.03,2025-08-10
228,HussainAbul,1528.83,1,0.03,2025-07-24
229,flyerstorm,1528.52,1,0.03,2025-10-18
230,Ogera,1528.44,1,0.03,2025-08-27
231,favouritebanjo61,1528.09,1,0.03,2025-10-24
232,Augustin,1527.63,2,0.07,2025-08-19
233,Bwooo,1527.56,4,0.13,2025-11-06
234,Legacy of Roo,1527.45,1,0.03,2025-08-03
235,Fisssh,1527.09,1,0.03,2025-07-28
236,Da Dang,1526.17,2,0.07,2025-10-30
237,thegreyoldfox,1525.5,1,0.03,2025-08-31
238,G√∂tterspeise,1525.5,2,0.07,2025-08-29
239,WAYNE ROONEY.[10],1525.13,1,0.03,2025-07-31
240,Lidl trolly,1523.99,1,0.03,2025-08-01
241,Boo Bear,1523.8,1,0.03,2025-10-13
242,mfghades,1522.61,2,0.07,2025-08-28
243,Turn,1521.87,1,0.03,2025-11-06
244,Galejro,1521.84,3,0.1,2025-08-04
245,morselco,1521.46,1,0.03,2025-11-02
246,Coyface,1521.4,2,0.07,2025-10-29
247,Ping-999,1521.4,2,0.07,2025-10-07
248,Spike,1520.92,1,0.03,2025-09-21
249,Tyranus,1520.64,5,0.17,2025-08-23
250,Your Supervisor,1520.52,1,0.03,2025-07-23
251,obj. obj. obj.,1519.25,6,0.2,2025-09-28
252,Nexinex,1518.25,1,0.03,2025-10-14
253,Petter,1518.01,1,0.03,2025-10-03
254,Saplow,1517.41,2,0.07,2025-10-26
255,Liberty,1515.58,1,0.03,2025-09-28
256,lgautschi,1513.37,2,0.07,2025-08-04
257,Ashby,1512.93,1,0.03,2025-10-22
258,Spontanuel,1511.79,1,0.03,2025-09-19
259,raffael,1510.73,1,0.03,2025-11-09
260,Equipollence,1510.58,1,0.03,2025-08-24
261,AnchorTide,1510.27,2,0.07,2025-10-14
262,Hello there,1509.6,2,0.07,2025-07-28
263,jakeolsen,1508.83,1,0.03,2025-08-09
264,LOL,1508.51,1,0.03,2025-10-21
265,BROK3N Fury,1507.83,1,0.03,2025-10-25
266,Mouldy,1507.11,1,0.03,2025-11-02
267,Marxist Ape,1506.89,1,0.03,2025-07-25
268,thefiresauce,1506.53,3,0.1,2025-10-31
269,SpiritWeasel,1505.31,3,0.1,2025-10-08
270,Skaer,1504.77,1,0.03,2025-09-22
271,1486846506,1503.01,1,0.03,2025-07-23
272,Nihil,1502.23,3,0.1,2025-10-21
273,Lansquenet [FR],1501.89,3,0.1,2025-11-09
274,Veit_the_Insane,1501.22,1,0.03,2025-10-31
275,Niclas,1501.09,1,0.03,2025-10-24
276,ricardo_lbrugnago,1500.96,6,0.2,2025-11-09
277,Bubblez,1500.65,1,0.03,2025-10-23
278,mitchellangelo,1500.43,3,0.1,2025-11-04
279,Sweet Tea Tony,1500.25,1,0.03,2025-08-02
280,Meh,1500.0,1,0.03,2025-08-23
281,lemons_bread,1500.0,1,0.03,2025-07-30
282,cannedLED,1499.74,1,0.03,2025-11-05
283,Jannik,1499.34,2,0.07,2025-09-07
284,Lemme Smaash,1498.79,1,0.03,2025-09-10
285,lil guy,1498.56,1,0.03,2025-07-24
286,slaaneshtgof,1497.86,16,0.53,2025-11-09
287,SomeDrunkPyrate,1497.73,1,0.03,2025-07-28
288,Lasiomus,1496.33,1,0.03,2025-09-02
289,Nikogda,1496.21,1,0.03,2025-09-25
290,Buffman,1495.98,1,0.03,2025-10-25
291,k.a.jazgar,1495.55,4,0.13,2025-10-30
292,MrPagoS,1495.48,1,0.03,2025-08-07
293,Nyx,1495.3,1,0.03,2025-11-07
294,bogman,1494.68,1,0.03,2025-08-17
295,iowegianmoore,1494.07,4,0.13,2025-08-21
296,OreLand'a,1493.87,1,0.03,2025-09-13
297,G.Marshall,1493.79,2,0.07,2025-07-29
298,–Ø—ç—Ç–æ–Ø,1493.72,1,0.03,2025-07-27
299,danikowskistanislaw,1493.71,1,0.03,2025-10-21
300,Êü≥‰∏âÂçÉ,1493.51,1,0.03,2025-09-12
301,Steven,1493.34,4,0.13,2025-08-01
302,Boudah,1493.33,3,0.1,2025-11-06
303,DuckyDooDoo2,1492.73,1,0.03,2025-08-26
304,dboon,1492.11,4,0.13,2025-07-30
305,EternitysFlame,1492.02,1,0.03,2025-08-23
306,Arden the Barden,1491.94,1,0.03,2025-11-01
307,junorus,1491.04,1,0.03,2025-10-01
308,Umbre (der Hopfmann),1490.72,1,0.03,2025-07-28
309,herbonniered,1490.48,1,0.03,2025-08-13
310,zephyr_goldwing,1490.4,2,0.07,2025-08-01
311,Darkest Dota,1490.15,1,0.03,2025-09-21
312,agent thale,1489.94,1,0.03,2025-09-14
313,tiamats4esgares,1489.44,3,0.1,2025-08-09
314,ZedHound,1489.03,1,0.03,2025-10-25
315,Fikachu,1488.93,1,0.03,2025-09-25
316,OdinsGuard94,1488.9,1,0.03,2025-08-05
317,khang.pham2401,1488.65,2,0.07,2025-09-23
318,Pane,1488.55,1,0.03,2025-09-29
319,Daiya,1488.37,1,0.03,2025-09-08
320,UnknownEnemy,1487.92,1,0.03,2025-09-26
321,Yngvi,1487.52,23,0.77,2025-10-17
322,john,1487.09,1,0.03,2025-10-06
323,jamesncg,1487.09,1,0.03,2025-10-21
324,ThatDudeSki69,1486.77,1,0.03,2025-11-08
325,cyanx7,1486.7,1,0.03,2025-10-07
326,ry4n.playerb0x,1486.69,1,0.03,2025-11-07
327,Monty,1486.41,1,0.03,2025-11-03
328,Shad0wstalker87,1486.2,1,0.03,2025-08-26
329,Zemium,1485.88,1,0.03,2025-07-26
330,[A.S.E.S] NanoDevil,1485.81,5,0.17,2025-08-24
331,Liz,1485.21,19,0.63,2025-10-13
332,Kenny,1485.11,9,0.3,2025-08-25
333,$erpent,1484.59,1,0.03,2025-11-06
334,Bio,1484.52,1,0.03,2025-09-28
335,nopX0f,1483.98,1,0.03,2025-10-16
336,tyoshea,1483.86,1,0.03,2025-10-22
337,Bayneish,1483.64,1,0.03,2025-09-27
338,lapunir,1483.3,1,0.03,2025-10-09
339,MootDasBoot,1483.08,1,0.03,2025-10-30
340,GHOST RIZZLER,1482.23,1,0.03,2025-11-01
341,kk1717,1482.15,1,0.03,2025-10-25
342,Zane,1482.04,1,0.03,2025-08-01
343,ShawnQ,1482.03,1,0.03,2025-09-25
344,Lance,1482.01,1,0.03,2025-09-24
345,izikvasque,1481.88,1,0.03,2025-07-25
346,Salam,1480.49,1,0.03,2025-07-29
347,Feeter Parker,1480.37,1,0.03,2025-10-19
348,LegendOfNox,1480.34,1,0.03,2025-07-27
349,Steve Aoki,1480.32,1,0.03,2025-09-12
350,AncientElm,1480.25,1,0.03,2025-08-12
351,Don Bolsack aka The crust Fist,1479.77,3,0.1,2025-07-30
352,willyzj,1479.46,1,0.03,2025-10-06
353,mikan,1479.19,3,0.1,2025-09-07
354,Robert,1479.01,2,0.07,2025-10-18
355,JY78993,1478.43,2,0.07,2025-10-22
356,bum8484,1478.33,1,0.03,2025-08-04
357,Xanthum,1477.88,1,0.03,2025-10-21
358,dltarex,1477.8,1,0.03,2025-10-04
359,‚Ç¶-S‚ÑßM,1477.71,2,0.07,2025-09-14
360,Causal,1477.34,1,0.03,2025-09-21
361,Von_Speyr,1477.22,1,0.03,2025-10-05
362,dicksposable,1476.8,1,0.03,2025-07-28
363,woody.martin,1476.3,1,0.03,2025-07-24
364,SpiritingEzlo,1476.25,1,0.03,2025-09-27
365,R_QU,1476.17,2,0.07,2025-07-25
366,numpty,1476.04,1,0.03,2025-11-08
367,MrPitos,1475.52,1,0.03,2025-08-03
368,alejjop,1475.51,1,0.03,2025-10-25
369,Laristin,1475.46,1,0.03,2025-08-10
370,Lypus,1475.37,1,0.03,2025-09-25
371,acestones,1474.45,1,0.03,2025-07-31
372,Lucastrian,1474.42,1,0.03,2025-08-06
373,Lord Adi,1474.27,1,0.03,2025-08-29
374,Yman228,1473.86,2,0.07,2025-09-30
375,skullsplitter,1473.27,1,0.03,2025-10-19
376,toshio,1473.04,1,0.03,2025-07-27
377,John Handerson,1472.9,1,0.03,2025-10-20
378,Serratus,1472.79,1,0.03,2025-10-18
379,RedRevel,1472.03,1,0.03,2025-09-14
380,camfromchilla,1471.18,3,0.1,2025-09-26
381,(Chatuba)-Mazuru,1471.1,1,0.03,2025-10-04
382,Âá±ÁâπËºùFKG,1470.64,1,0.03,2025-08-02
383,r.pawlowski82,1470.59,1,0.03,2025-09-17
384,Diamond_Dawg,1470.45,3,0.1,2025-11-04
385,Word [BR],1470.21,1,0.03,2025-09-16
386,In_sanity,1469.95,1,0.03,2025-10-30
387,lordxjello,1469.5,1,0.03,2025-07-24
388,rafael.olvb,1468.93,1,0.03,2025-10-25
389,seb,1468.69,1,0.03,2025-08-21
390,Difflo,1468.44,1,0.03,2025-08-08
391,davemadasafish,1468.06,1,0.03,2025-08-05
392,gvoice,1468.04,1,0.03,2025-07-28
393,È•ºÈ•ºÂ§ßÁéã,1467.55,1,0.03,2025-08-20
394,lukasz.wrobel2,1467.4,1,0.03,2025-10-07
395,kwork,1466.79,2,0.07,2025-10-12
396,Ammendum,1466.55,7,0.23,2025-08-04
397,mlehtan,1466.43,1,0.03,2025-07-27
398,Sturm,1466.43,1,0.03,2025-07-29
399,Toasted Knubs,1466.32,2,0.07,2025-08-30
400,xXBeefinatorXx,1466.28,1,0.03,2025-08-12
401,MATDAX,1466.15,1,0.03,2025-08-27
402,nibemben,1466.13,3,0.1,2025-09-26
403,Fenz,1465.71,2,0.07,2025-11-09
404,11Napo11,1465.69,1,0.03,2025-08-29
405,BigAl227,1464.22,1,0.03,2025-07-23
406,Embri√£o du Mal,1463.53,1,0.03,2025-08-02
407,Jlerpy,1463.39,1,0.03,2025-08-16
408,TheHunter222,1462.64,21,0.7,2025-11-06
409,Dragonflash,1462.34,2,0.07,2025-08-16
410,XxPolakenxX,1462.04,2,0.07,2025-08-18
411,Modi34,1461.94,3,0.1,2025-09-24
412,nAhZz,1461.47,1,0.03,2025-08-13
413,SAB3600,1461.34,2,0.07,2025-07-26
414,HayRid,1460.79,1,0.03,2025-09-26
415,JohnRust,1459.93,2,0.07,2025-09-15
416,LTex,1459.38,2,0.07,2025-11-07
417,Miki,1459.11,2,0.07,2025-10-22
418,Ucicke,1458.96,1,0.03,2025-08-04
419,Netaki,1458.52,1,0.03,2025-07-29
420,Ampshock,1457.93,4,0.13,2025-11-04
421,Dusk Deadman,1457.28,1,0.03,2025-07-30
422,Booorman,1455.74,5,0.17,2025-11-09
423,Harvester of the Sea,1455.67,1,0.03,2025-08-02
424,Superpery99,1455.26,2,0.07,2025-10-20
425,Wyler,1455.26,1,0.03,2025-11-08
426,Bolmont,1454.75,2,0.07,2025-10-18
427,sunup13,1454.35,5,0.17,2025-11-08
428,„Éû„Ç§„Çº„Éç„Çπ,1454.1,1,0.03,2025-07-26
429,Millonmaster,1452.09,2,0.07,2025-08-31
430,deLiMBed,1450.05,3,0.1,2025-08-12
431,habitualproblem,1448.05,1,0.03,2025-08-08
432,Paper20,1446.04,2,0.07,2025-11-03
433,greedie,1445.41,4,0.13,2025-10-10
434,Hailspork,1445.19,6,0.2,2025-11-07
435,Mequiadore,1444.17,3,0.1,2025-10-31
436,Sanarex,1443.5,1,0.03,2025-08-13
437,clonek6,1443.47,2,0.07,2025-11-08
438,Brontozaurul,1438.98,3,0.1,2025-10-29
439,HaV0C,1435.66,7,0.23,2025-11-09
440,deadgast,1434.9,18,0.6,2025-10-26
441,izombie,1434.28,2,0.07,2025-10-27
442,RandomTieflingGirl,1433.67,2,0.07,2025-08-12
443,Alias,1433.63,3,0.1,2025-08-23
444,Bananaman0002TTV,1432.97,2,0.07,2025-10-12
445,estebancito814,1431.8,4,0.13,2025-10-09
446,AverageLiam,1429.49,2,0.07,2025-11-04
447,ledance.show,1429.38,2,0.07,2025-10-22
448,Divi,1426.76,2,0.07,2025-10-14
449,f,1426.32,2,0.07,2025-08-06
450,rockallostatopuro,1425.65,5,0.17,2025-10-31
451,PitungA,1425.58,4,0.13,2025-08-13
452,pigsupreme2017,1424.67,14,0.47,2025-11-09
453,BTsin,1424.16,2,0.07,2025-10-24
454,I'm with Stupid ^,1421.07,7,0.23,2025-10-29
455,Softboness,1420.1,3,0.1,2025-11-05
456,Shoshone,1419.89,9,0.3,2025-09-21
457,DeltaKilo86,1418.89,2,0.07,2025-10-21
458,MDyo,1417.0,2,0.07,2025-10-19
459,Ziko,1415.92,3,0.1,2025-10-11
460,The Hamilton Ham Candle,1410.27,17,0.57,2025-11-09
461,drewtschida,1407.84,2,0.07,2025-09-24
462,(-.-)Zzz,1406.84,5,0.17,2025-11-05
463,Chocojoe,1404.81,2,0.07,2025-09-16
464,CarefuLost,1403.79,3,0.1,2025-09-15
465,vyacheslavmurzagulov,1403.54,3,0.1,2025-11-06
466,SlimReaper,1403.29,2,0.07,2025-10-23
467,nd.dasa,1402.73,2,0.07,2025-10-04
468,santiblader,1402.0,2,0.07,2025-10-23
469,slendermandoc,1399.86,4,0.13,2025-09-30
470,sala7,1399.13,4,0.13,2025-10-31
471,BaaahFieri,1398.45,4,0.13,2025-10-30
472,deadedd,1396.23,3,0.1,2025-10-29
473,seamon.lark,1395.64,2,0.07,2025-11-08
474,Kingdedede bobo,1395.62,3,0.1,2025-11-08
475,Mata,1395.4,8,0.27,2025-10-24
476,tim.ang,1394.76,3,0.1,2025-09-21
477,Eddinater1,1394.41,2,0.07,2025-09-29
478,marwinx1,1393.19,4,0.13,2025-08-25
479,bijosclark,1392.88,2,0.07,2025-10-03
480,lovci,1388.25,7,0.23,2025-09-20
481,TheDimedroll,1386.68,12,0.4,2025-11-09
482,Skullkrakka,1384.79,3,0.1,2025-11-06
483,Beyond,1380.85,2,0.07,2025-09-19
484,Alexwastaken,1378.5,3,0.1,2025-11-04
485,goth_milk,1378.15,3,0.1,2025-09-04
486,John Witcher,1377.82,4,0.13,2025-10-28
487,KapitanJosh,1376.29,3,0.1,2025-10-23
488,Apricot,1375.12,5,0.17,2025-10-23
489,SCARLET,1374.33,5,0.17,2025-09-18
490,oli-go,1373.85,2,0.07,2025-08-23
491,Lord of DWARVES,1373.09,7,0.23,2025-10-04
492,minneymcshort,1371.95,4,0.13,2025-08-12
493,swmichal,1365.76,3,0.1,2025-11-09
494,Papillon,1365.08,6,0.2,2025-08-22
495,Relda,1363.74,2,0.07,2025-08-16
496,zdarova,1363.51,9,0.3,2025-08-18
497,skipper921,1361.26,2,0.07,2025-08-25
498,Nathan,1360.34,6,0.2,2025-08-31
499,dantebal,1356.76,2,0.07,2025-08-15
500,Lucyyyyy,1350.01,8,0.27,2025-11-05
501,okayyako,1346.61,7,0.23,2025-11-03
502,isaacdahmen,1343.88,2,0.07,2025-08-23
503,Orlum,1340.05,2,0.07,2025-07-27
504,RoyMartini,1340.04,3,0.1,2025-10-12
505,Varravann,1339.09,10,0.33,2025-11-07
506,adrian,1329.63,6,0.2,2025-11-09
507,lVlatman,1325.62,3,0.1,2025-09-04
508,Red Cyclone,1311.5,4,0.13,2025-09-08
509,ciga,1303.06,10,0.33,2025-11-03
510,Êó†ÂêçÂ∞èÂçí,1301.33,5,0.17,2025-10-11
511,Michael Scarn,1297.88,11,0.37,2025-09-15
512,NikitaNV,1292.21,4,0.13,2025-11-08
513,schmendrikson,1289.18,9,0.3,2025-11-09
514,Barbaferro,1287.74,31,1.0,2025-11-07
515,Lokken,1287.4,3,0.1,2025-08-13
516,Skruntoo,1286.23,6,0.2,2025-11-09
517,blankE,1269.42,51,1.0,2025-11-09
518,SWAGLORD90909,1264.54,10,0.33,2025-10-17
519,Hirow,1263.2,11,0.37,2025-10-19
520,Professor Finesser,1249.48,3,0.1,2025-09-22
521,seagull,1239.5,15,0.5,2025-09-25
522,Jokefish,1234.63,4,0.13,2025-09-01
523,Gonzalo,1227.87,7,0.23,2025-10-25
524,masterv5983,1222.62,69,1.0,2025-11-09
525,TheShadow,1214.64,4,0.13,2025-10-14
526,Minhas,1213.17,4,0.13,2025-09-15
527,jax,1185.68,43,1.0,2025-11-03
528,ppr74,1174.69,32,1.0,2025-11-05
529,Spartacus,1168.86,5,0.17,2025-09-14
530,Tv0r9,1154.65,16,0.53,2025-11-03
531,GRRRGRRRGGHHRRRRGRRRRRRR,1135.66,6,0.2,2025-11-04
532,krd,1128.79,6,0.2,2025-10-14
533,Rikyyy,1124.61,8,0.27,2025-08-17
534,Blipkin,1108.71,17,0.57,2025-11-08
535,Calibur,1098.59,12,0.4,2025-11-05
536,smola_2005,1094.58,32,1.0,2025-11-07
537,t.lewis140,1084.07,10,0.33,2025-11-05
538,Jells,1083.25,14,0.47,2025-11-09
539,ÔºÆÔº•Ôº¶Ôº°Ôº≤Ôº©ÔºØÔºµÔº≥,1082.44,25,0.83,2025-10-03
540,onetimecharley,1074.9,9,0.3,2025-10-14
541,Lemonhammer,1074.1,7,0.23,2025-09-18
542,goatskvll,1072.33,10,0.33,2025-11-07
543,rudedawg,1063.59,37,1.0,2025-11-02
544,elegantmechanic,1062.49,14,0.47,2025-11-08
545,orutra621,1051.9,20,0.67,2025-09-22
546,JarJar,1051.05,28,0.93,2025-11-08
547,whazupbillion,1045.5,29,0.97,2025-10-31
548,fgmqueiros,1026.65,10,0.33,2025-11-05
549,BjornderBaer,1024.91,23,0.77,2025-11-09
550,w≈ìire,1007.03,49,1.0,2025-10-31
551,yahasuri,1005.85,11,0.37,2025-11-05
552,[WGS-B] BK,997.07,38,1.0,2025-11-09
553,InFecTed,973.77,23,0.77,2025-10-03
554,flowerlady32,973.66,25,0.83,2025-11-01
555,stuffed wombat,967.9,30,1.0,2025-11-07
556,–ö–æm–∞—Ä,939.04,14,0.47,2025-11-07
557,yaelsky96,924.52,11,0.37,2025-11-07
558,Sensei Snoops,918.15,41,1.0,2025-11-09
559,HZaninelli,911.22,54,1.0,2025-11-07
560,hrejarz2,900.25,49,1.0,2025-11-08
